,FID,POBLACION,DEPARTAMENTO,MUNICIPIO,COBERTURA,RANGO,REGION
0,0,12819,ANTIOQUIA,SAN RAFAEL,99.24,> 95,ANDINA
1,1,16366,ANTIOQUIA,SAN ROQUE,96.55,> 95,ANDINA
2,2,16509,ANTIOQUIA,SAN VICENTE,96.95,> 95,ANDINA
3,3,21591,ANTIOQUIA,SANTA BÁRBARA,98.93,> 95,ANDINA
4,4,27273,ANTIOQUIA,SANTUARIO,99.62,> 95,ANDINA
5,5,41711,ANTIOQUIA,SEGOVIA,95.33,> 95,ANDINA
6,6,34339,ANTIOQUIA,SONSÓN,98.51,> 95,ANDINA
7,7,15057,ANTIOQUIA,SOPETRÁN,91.04,90.1 - 95,ANDINA
8,8,14224,ANTIOQUIA,TÁMESIS,98.61,> 95,ANDINA
9,9,46343,ANTIOQUIA,TARAZÁ,90.31,90.1 - 95,ANDINA
10,10,8051,ANTIOQUIA,TARSO,98.72,> 95,ANDINA
11,11,14691,ANTIOQUIA,TITIRIBÍ,99.2,> 95,ANDINA
12,12,8212,ANTIOQUIA,URAMITA,94.86,90.1 - 95,ANDINA
13,13,23931,ANTIOQUIA,VALDIVIA,88.25,70.1 - 90,ANDINA
14,14,6102,ANTIOQUIA,VALPARAÍSO,98.75,> 95,ANDINA
15,15,8949,ANTIOQUIA,VEGACHÍ,98.75,> 95,ANDINA
16,16,13184,ANTIOQUIA,VENECIA,99.24,> 95,ANDINA
17,17,8577,ANTIOQUIA,YALÍ,98.05,> 95,ANDINA
18,18,48556,ANTIOQUIA,YARUMAL,97.59,> 95,ANDINA
19,19,25231,ANTIOQUIA,YOLOMBÓ,90.75,90.1 - 95,ANDINA
20,20,31884,ANTIOQUIA,ZARAGOZA,87.41,70.1 - 90,ANDINA
21,21,1232766,ATLANTICO,BARRANQUILLA,99.98,> 95,CARIBE
22,22,59561,ATLANTICO,BARANOA,99.52,> 95,CARIBE
23,23,15201,ATLANTICO,CAMPO DE LA CRUZ,100.0,> 95,CARIBE
24,24,12554,ATLANTICO,CANDELARIA,100.0,> 95,CARIBE
25,25,46302,ATLANTICO,GALAPA,98.07,> 95,CARIBE
26,26,17489,ATLANTICO,JUAN DE ACOSTA,93.85,90.1 - 95,CARIBE
27,27,27906,ATLANTICO,LURUACO,92.95,90.1 - 95,CARIBE
28,28,127221,ATLANTICO,MALAMBO,98.04,> 95,CARIBE
29,29,16294,ATLANTICO,MANATÍ,97.78,> 95,CARIBE
30,30,25764,ATLANTICO,PALMAR DE VARELA,99.69,> 95,CARIBE
31,31,5174,ATLANTICO,PIOJÓ,99.01,> 95,CARIBE
32,32,15656,ATLANTICO,POLONUEVO,100.0,> 95,CARIBE
33,33,23244,ATLANTICO,PONEDERA,96.11,> 95,CARIBE
34,34,26747,ATLANTICO,PUERTO COLOMBIA,100.0,> 95,CARIBE
35,35,27110,ATLANTICO,REPELÓN,93.48,90.1 - 95,CARIBE
36,36,33694,ATLANTICO,SABANAGRANDE,99.24,> 95,CARIBE
37,37,101347,ATLANTICO,SABANALARGA,96.93,> 95,CARIBE
38,38,11305,ATLANTICO,SANTA LUCÍA,97.51,> 95,CARIBE
39,39,25679,ATLANTICO,SANTO TOMÁS,97.55,> 95,CARIBE
40,40,666109,ATLANTICO,SOLEDAD,99.97,> 95,CARIBE
41,41,8470,ATLANTICO,SUAN,100.0,> 95,CARIBE
42,42,11017,ATLANTICO,TUBARÁ,98.29,> 95,CARIBE
43,43,9528,ATLANTICO,USIACURÍ,97.28,> 95,CARIBE
44,44,24259,BOLÍVAR,ACHÍ,58.81,<= 70,CARIBE
45,45,14485,BOLÍVAR,ALTOS DEL ROSARIO,74.74,70.1 - 90,CARIBE
46,46,20177,BOLÍVAR,ARENAL,42.18,<= 70,CARIBE
47,47,76676,BOLÍVAR,ARJONA,99.55,> 95,CARIBE
48,48,10305,BOLÍVAR,ARROYOHONDO,90.92,90.1 - 95,CARIBE
49,49,18757,BOLÍVAR,BARRANCO DE LOBA,75.84,70.1 - 90,CARIBE
50,50,9171,BOYACÁ,CHITA,81.19,70.1 - 90,ANDINA
51,51,5403,BOYACÁ,CHITARAQUE,92.4,90.1 - 95,ANDINA
52,52,6579,BOYACÁ,CHIVATÁ,100.0,> 95,ANDINA
53,53,4565,BOYACÁ,CIÉNEGA,100.0,> 95,ANDINA
54,54,15174,BOYACÁ,CÓMBITA,100.0,> 95,ANDINA
55,55,3511,BOYACÁ,COPER,90.04,90.1 - 95,ANDINA
56,56,2207,BOYACÁ,CORRALES,95.63,> 95,ANDINA
57,57,2741,BOYACÁ,COVARACHÍA,79.87,70.1 - 90,ANDINA
58,58,6739,BOYACÁ,CUBARÁ,69.64,<= 70,ANDINA
59,59,4691,BOYACÁ,CUCAITA,100.0,> 95,ANDINA
60,60,1862,BOYACÁ,CUÍTIVA,91.14,90.1 - 95,ANDINA
61,61,5313,BOYACÁ,CHÍQUIZA,100.0,> 95,ANDINA
62,62,1668,BOYACÁ,CHIVOR,87.23,70.1 - 90,ANDINA
63,63,113954,BOYACÁ,DUITAMA,100.0,> 95,ANDINA
64,64,5122,BOYACÁ,EL COCUY,93.96,90.1 - 95,ANDINA
65,65,4221,BOYACÁ,EL ESPINO,100.0,> 95,ANDINA
66,66,5774,BOYACÁ,FIRAVITOBA,100.0,> 95,ANDINA
67,67,4383,BOYACÁ,FLORESTA,98.09,> 95,ANDINA
68,68,2532,BOYACÁ,GACHANTIVÁ,100.0,> 95,ANDINA
69,69,4622,BOYACÁ,GÁMEZA,94.46,90.1 - 95,ANDINA
70,70,17033,BOYACÁ,GARAGOA,97.25,> 95,ANDINA
71,71,1574,BOYACÁ,GUACAMAYAS,96.97,> 95,ANDINA
72,72,9411,BOYACÁ,GUATEQUE,95.22,> 95,ANDINA
73,73,4779,BOYACÁ,GUAYATÁ,87.37,70.1 - 90,ANDINA
74,74,6609,BOYACÁ,GÜICÁN,76.21,70.1 - 90,ANDINA
75,75,2412,BOYACÁ,IZA,99.55,> 95,ANDINA
76,76,7693,BOYACÁ,JENESANO,86.73,70.1 - 90,ANDINA
77,77,3814,BOYACÁ,JERICÓ,96.27,> 95,ANDINA
78,78,5002,BOYACÁ,LABRANZAGRANDE,26.08,<= 70,ANDINA
79,79,2404,BOYACÁ,LA CAPILLA,94.35,90.1 - 95,ANDINA
80,80,1673,BOYACÁ,LA VICTORIA,100.0,> 95,ANDINA
81,81,2259,BOYACÁ,LA UVITA,31.6,<= 70,ANDINA
82,82,18050,BOYACÁ,VILLA DE LEIVA,100.0,> 95,ANDINA
83,83,4838,BOYACÁ,MACANAL,100.0,> 95,ANDINA
84,84,7335,BOYACÁ,MARIPÍ,95.06,> 95,ANDINA
85,85,9785,BOYACÁ,MIRAFLORES,96.23,> 95,ANDINA
86,86,4547,BOYACÁ,MONGUA,85.94,70.1 - 90,ANDINA
87,87,4983,BOYACÁ,MONGUÍ,91.09,90.1 - 95,ANDINA
88,88,21242,BOYACÁ,MONIQUIRÁ,100.0,> 95,ANDINA
89,89,8470,BOYACÁ,MOTAVITA,100.0,> 95,ANDINA
90,90,8668,BOYACÁ,MUZO,93.38,90.1 - 95,ANDINA
91,91,6680,BOYACÁ,NUEVO COLÓN,100.0,> 95,ANDINA
92,92,2836,BOYACÁ,OICATÁ,100.0,> 95,ANDINA
93,93,10689,BOYACÁ,OTANCHE,100.0,> 95,ANDINA
94,94,2344,BOYACÁ,PACHAVITA,91.55,90.1 - 95,ANDINA
95,95,2792,BOYACÁ,PÁEZ,98.6,> 95,ANDINA
96,96,31582,BOYACÁ,PAIPA,100.0,> 95,ANDINA
97,97,1545,BOYACÁ,PAJARITO,92.46,90.1 - 95,ANDINA
98,98,1393,BOYACÁ,PANQUEBA,97.67,> 95,ANDINA
99,99,10820,BOYACÁ,PAUNA,85.04,70.1 - 90,ANDINA
100,100,2509,BOYACÁ,PAYA,30.06,<= 70,ANDINA
101,101,4503,BOYACÁ,PAZ DE RIO,97.53,> 95,ANDINA
102,102,7543,BOYACÁ,PESCA,87.95,70.1 - 90,ANDINA
103,103,1287,BOYACÁ,PISVA,29.61,<= 70,ANDINA
104,104,56517,BOYACÁ,PUERTO BOYACÁ,97.04,> 95,ANDINA
105,105,7579,BOYACÁ,QUÍPAMA,75.56,70.1 - 90,ANDINA
106,106,9763,BOYACÁ,RAMIRIQUÍ,93.69,90.1 - 95,ANDINA
107,107,13907,BOYACÁ,RÁQUIRA,85.83,70.1 - 90,ANDINA
108,108,2767,BOYACÁ,RONDÓN,100.0,> 95,ANDINA
109,109,12183,BOYACÁ,SABOYÁ,100.0,> 95,ANDINA
110,110,3758,BOYACÁ,SÁCHICA,100.0,> 95,ANDINA
111,111,20546,BOYACÁ,SAMACÁ,100.0,> 95,ANDINA
112,112,1853,BOYACÁ,SAN EDUARDO,100.0,> 95,ANDINA
113,113,5025,BOYACÁ,SAN JOSÉ DE PARE,100.0,> 95,ANDINA
114,114,4774,BOYACÁ,SAN LUIS DE GACENO,80.22,70.1 - 90,ANDINA
115,115,3392,BOYACÁ,SAN MATEO,90.7,90.1 - 95,ANDINA
116,116,4531,BOYACÁ,SAN MIGUEL DE SEMA,97.27,> 95,ANDINA
117,117,10382,BOYACÁ,SAN PABLO DE BORBUR,94.72,90.1 - 95,ANDINA
118,118,7628,BOYACÁ,SANTANA,100.0,> 95,ANDINA
119,119,3796,BOYACÁ,SANTA MARÍA,91.79,90.1 - 95,ANDINA
120,120,13405,BOYACÁ,SANTA ROSA DE VITERBO,96.04,> 95,ANDINA
121,121,2585,BOYACÁ,SANTA SOFÍA,99.64,> 95,ANDINA
122,122,2215,BOYACÁ,SATIVANORTE,88.68,70.1 - 90,ANDINA
123,123,1038,BOYACÁ,SATIVASUR,100.0,> 95,ANDINA
124,124,8972,BOYACÁ,SIACHOQUE,99.51,> 95,ANDINA
125,125,6713,BOYACÁ,SOATÁ,100.0,> 95,ANDINA
126,126,7549,BOYACÁ,SOCOTÁ,86.45,70.1 - 90,ANDINA
127,127,6973,BOYACÁ,SOCHA,97.53,> 95,ANDINA
128,128,111799,BOYACÁ,SOGAMOSO,97.41,> 95,ANDINA
129,129,3411,BOYACÁ,SOMONDOCO,93.97,90.1 - 95,ANDINA
130,130,3029,BOYACÁ,SORA,100.0,> 95,ANDINA
131,131,7340,BOYACÁ,SOTAQUIRÁ,93.78,90.1 - 95,ANDINA
132,132,5167,BOYACÁ,SORACÁ,90.36,90.1 - 95,ANDINA
133,133,2912,BOYACÁ,SUSACÓN,100.0,> 95,ANDINA
134,134,5833,BOYACÁ,SUTAMARCHÁN,96.69,> 95,ANDINA
135,135,3939,BOYACÁ,SUTATENZA,91.88,90.1 - 95,ANDINA
136,136,6175,BOYACÁ,TASCO,100.0,> 95,ANDINA
137,137,3950,BOYACÁ,TENZA,100.0,> 95,ANDINA
138,138,9023,BOYACÁ,TIBANÁ,97.25,> 95,ANDINA
139,139,3044,BOYACÁ,TINJACÁ,100.0,> 95,ANDINA
140,140,3041,BOYACÁ,TIPACOQUE,99.22,> 95,ANDINA
141,141,10007,BOYACÁ,TOCA,100.0,> 95,ANDINA
142,142,4857,BOYACÁ,TOGÜÍ,100.0,> 95,ANDINA
143,143,3692,BOYACÁ,TÓPAGA,100.0,> 95,ANDINA
144,144,5267,BOYACÁ,TOTA,100.0,> 95,ANDINA
145,145,1913,BOYACÁ,TUNUNGUÁ,100.0,> 95,ANDINA
146,146,5787,BOYACÁ,TURMEQUÉ,100.0,> 95,ANDINA
147,147,9856,BOYACÁ,TUTA,100.0,> 95,ANDINA
148,148,1792,BOYACÁ,TUTAZÁ,96.58,> 95,ANDINA
149,149,10337,BOYACÁ,ÚMBITA,100.0,> 95,ANDINA
150,150,15729,BOYACÁ,VENTAQUEMADA,100.0,> 95,ANDINA
151,151,3146,BOYACÁ,VIRACACHÁ,82.13,70.1 - 90,ANDINA
152,152,4374,BOYACÁ,ZETAQUIRA,92.74,90.1 - 95,ANDINA
153,153,400154,CALDAS,MANIZALES,99.98,> 95,ANDINA
154,154,21439,CALDAS,AGUADAS,97.33,> 95,ANDINA
155,155,33397,CALDAS,ANSERMA,98.85,> 95,ANDINA
156,156,11026,CALDAS,ARANZAZU,99.8,> 95,ANDINA
157,157,10559,CALDAS,BELALCÁZAR,98.72,> 95,ANDINA
158,158,50880,CALDAS,CHINCHINÁ,99.93,> 95,ANDINA
159,159,10548,CALDAS,FILADELFIA,98.99,> 95,ANDINA
160,160,78135,CALDAS,LA DORADA,99.58,> 95,ANDINA
161,161,5172,CALDAS,LA MERCED,97.53,> 95,ANDINA
162,162,22781,CALDAS,MANZANARES,99.4,> 95,ANDINA
163,163,9290,CALDAS,MARMATO,98.95,> 95,ANDINA
164,164,15010,CALDAS,MARQUETALIA,98.89,> 95,ANDINA
165,165,3382,CALDAS,MARULANDA,94.81,90.1 - 95,ANDINA
166,166,31180,CALDAS,NEIRA,99.0,> 95,ANDINA
167,167,6228,CALDAS,NORCASIA,94.1,90.1 - 95,ANDINA
168,168,11130,CALDAS,PÁCORA,99.62,> 95,ANDINA
169,169,17639,CALDAS,PALESTINA,99.79,> 95,ANDINA
170,170,26344,CALDAS,PENSILVANIA,98.92,> 95,ANDINA
171,171,9254,CALDAS,RISARALDA,99.21,> 95,ANDINA
172,172,15697,CALDAS,SALAMINA,98.8,> 95,ANDINA
173,173,25794,CALDAS,SAMANÁ,93.82,90.1 - 95,ANDINA
174,174,7603,CALDAS,SAN JOSÉ,99.29,> 95,ANDINA
175,175,27300,CALDAS,SUPÍA,99.19,> 95,ANDINA
176,176,8124,CALDAS,VICTORIA,97.1,> 95,ANDINA
177,177,59584,CALDAS,VILLAMARÍA,99.61,> 95,ANDINA
178,178,12398,CALDAS,VITERBO,100.0,> 95,ANDINA
179,179,181514,CAQUETÁ,FLORENCIA,100.0,> 95,AMAZONIA
180,180,6434,CAQUETÁ,ALBANIA,59.53,<= 70,AMAZONIA
181,181,11721,CAQUETÁ,BELÉN DE LOS ANDAQUÍES,100.0,> 95,AMAZONIA
182,182,22267,CAQUETÁ,EL DONCELLO,79.29,70.1 - 90,AMAZONIA
183,183,21148,CAQUETÁ,EL PAUJIL,89.66,70.1 - 90,AMAZONIA
184,184,24246,BOLÍVAR,CALAMAR,98.81,> 95,CARIBE
185,185,9718,BOLÍVAR,CANTAGALLO,54.33,<= 70,CARIBE
186,186,11138,BOLÍVAR,CICUCO,94.61,90.1 - 95,CARIBE
187,187,12317,BOLÍVAR,CÓRDOBA,100.0,> 95,CARIBE
188,188,12857,BOLÍVAR,CLEMENCIA,99.09,> 95,CARIBE
189,189,77840,BOLÍVAR,EL CARMEN DE BOLÍVAR,95.67,> 95,CARIBE
190,190,7769,BOLÍVAR,EL GUAMO,100.0,> 95,CARIBE
191,191,10112,BOLÍVAR,EL PEÑÓN,84.28,70.1 - 90,CARIBE
192,192,12200,BOLÍVAR,HATILLO DE LOBA,94.78,90.1 - 95,CARIBE
193,193,123955,BOLÍVAR,MAGANGUÉ,98.42,> 95,CARIBE
194,194,26802,BOLÍVAR,MAHATES,95.36,> 95,CARIBE
195,195,10151,BOLÍVAR,MARGARITA,94.53,90.1 - 95,CARIBE
196,196,49138,BOLÍVAR,MARIA LA BAJA,89.23,70.1 - 90,CARIBE
197,197,22780,BOLÍVAR,MONTECRISTO,34.65,<= 70,CARIBE
198,198,45104,BOLÍVAR,MOMPÓS,99.41,> 95,CARIBE
199,199,22160,BOLÍVAR,MORALES,55.82,<= 70,CARIBE
200,200,5119,BOLÍVAR,NOROSI,93.42,90.1 - 95,CARIBE
201,201,25705,BOLÍVAR,PINILLOS,84.82,70.1 - 90,CARIBE
202,202,11090,BOLÍVAR,REGIDOR,100.0,> 95,CARIBE
203,203,18976,BOLÍVAR,RIOVIEJO,60.4,<= 70,CARIBE
204,204,6722,BOLÍVAR,SAN CRISTÓBAL,98.69,> 95,CARIBE
205,205,16573,BOLÍVAR,SAN ESTANISLAO,100.0,> 95,CARIBE
206,206,21635,BOLÍVAR,SAN JACINTO,99.49,> 95,CARIBE
207,207,14349,BOLÍVAR,SAN JACINTO DEL CAUCA,34.3,<= 70,CARIBE
208,208,33885,BOLÍVAR,SAN JUAN NEPOMUCENO,98.04,> 95,CARIBE
209,209,18483,BOLÍVAR,SAN MARTÍN DE LOBA,88.94,70.1 - 90,CARIBE
210,210,35559,BOLÍVAR,SAN PABLO,91.51,90.1 - 95,CARIBE
211,211,13553,BOLÍVAR,SANTA CATALINA,100.0,> 95,CARIBE
212,212,24158,BOLÍVAR,SANTA ROSA,85.06,70.1 - 90,CARIBE
213,213,44980,BOLÍVAR,SANTA ROSA DEL SUR,59.87,<= 70,CARIBE
214,214,21250,BOLÍVAR,SIMITÍ,70.11,70.1 - 90,CARIBE
215,215,8498,BOLÍVAR,SOPLAVIENTO,99.85,> 95,CARIBE
216,216,11445,BOLÍVAR,TALAIGUA NUEVO,96.08,> 95,CARIBE
217,217,23385,BOLÍVAR,TIQUISIO,59.67,<= 70,CARIBE
218,218,75208,BOLÍVAR,TURBACO,100.0,> 95,CARIBE
219,219,15353,BOLÍVAR,TURBANA,100.0,> 95,CARIBE
220,220,20393,BOLÍVAR,VILLANUEVA,100.0,> 95,CARIBE
221,221,11844,BOLÍVAR,ZAMBRANO,96.33,> 95,CARIBE
222,222,1601,BOYACÁ,ALMEIDA,100.0,> 95,ANDINA
223,223,14675,BOYACÁ,AQUITANIA,100.0,> 95,ANDINA
224,224,5247,BOYACÁ,ARCABUCO,100.0,> 95,ANDINA
225,225,6966,BOYACÁ,BELÉN,94.05,90.1 - 95,ANDINA
226,226,1939,BOYACÁ,BERBEO,100.0,> 95,ANDINA
227,227,1933,BOYACÁ,BETÉITIVA,93.13,90.1 - 95,ANDINA
228,228,6608,BOYACÁ,BOAVITA,100.0,> 95,ANDINA
229,229,4297,BOYACÁ,BOYACÁ,100.0,> 95,ANDINA
230,230,2530,BOYACÁ,BRICEÑO,100.0,> 95,ANDINA
231,231,5751,BOYACÁ,BUENAVISTA,100.0,> 95,ANDINA
232,232,1251,BOYACÁ,BUSBANZÁ,96.52,> 95,ANDINA
233,233,3511,BOYACÁ,CALDAS,100.0,> 95,ANDINA
234,234,3767,BOYACÁ,CAMPOHERMOSO,90.23,90.1 - 95,ANDINA
235,235,3601,BOYACÁ,CERINZA,92.91,90.1 - 95,ANDINA
236,236,3437,BOYACÁ,CHINAVITA,97.43,> 95,ANDINA
237,237,68126,BOYACÁ,CHIQUINQUIRÁ,98.65,> 95,ANDINA
238,238,3999,BOYACÁ,CHISCAS,100.0,> 95,ANDINA
239,239,18991,ANTIOQUIA,ABEJORRAL,97.98,> 95,ANDINA
240,240,1971,ANTIOQUIA,ABRIAQUÍ,90.28,90.1 - 95,ANDINA
241,241,3361,ANTIOQUIA,ALEJANDRÍA,98.7,> 95,ANDINA
242,242,30181,ANTIOQUIA,AMAGÁ,99.46,> 95,ANDINA
243,243,47003,ANTIOQUIA,ANDES,98.85,> 95,ANDINA
244,244,9353,ANTIOQUIA,ANGELÓPOLIS,98.73,> 95,ANDINA
245,245,11040,ANTIOQUIA,ANGOSTURA,98.39,> 95,ANDINA
246,246,17737,ANTIOQUIA,ANORÍ,69.0,<= 70,ANDINA
247,247,7601,ANTIOQUIA,ANZÁ,81.77,70.1 - 90,ANDINA
248,248,8306,ANTIOQUIA,ARGELIA,92.79,90.1 - 95,ANDINA
249,249,3945,ANTIOQUIA,ARMENIA,99.53,> 95,ANDINA
250,250,8976,ANTIOQUIA,BETANIA,98.53,> 95,ANDINA
251,251,17726,ANTIOQUIA,BETULIA,93.86,90.1 - 95,ANDINA
252,252,26698,ANTIOQUIA,CIUDAD BOLÍVAR,99.5,> 95,ANDINA
253,253,8673,ANTIOQUIA,BRICEÑO,85.32,70.1 - 90,ANDINA
254,254,6495,ANTIOQUIA,BURITICÁ,83.97,70.1 - 90,ANDINA
255,255,41012,ANTIOQUIA,CÁCERES,83.81,70.1 - 90,ANDINA
256,256,8396,ANTIOQUIA,CAICEDO,99.2,> 95,ANDINA
257,257,8915,ANTIOQUIA,CAMPAMENTO,82.2,70.1 - 90,ANDINA
258,258,4519,ANTIOQUIA,CARACOLÍ,96.25,> 95,ANDINA
259,259,5308,ANTIOQUIA,CARAMANTA,99.69,> 95,ANDINA
260,260,48498,ANTIOQUIA,CARMEN DE VIBORAL,99.47,> 95,ANDINA
261,261,3512,ANTIOQUIA,CAROLINA,99.55,> 95,ANDINA
262,262,82151,ANTIOQUIA,CHIGORODÓ,97.69,> 95,ANDINA
263,263,8869,ANTIOQUIA,CISNEROS,99.39,> 95,ANDINA
264,264,14924,ANTIOQUIA,COCORNÁ,97.97,> 95,ANDINA
265,265,3194,ANTIOQUIA,CONCEPCIÓN,98.56,> 95,ANDINA
266,266,20371,ANTIOQUIA,CONCORDIA,99.49,> 95,ANDINA
267,267,23709,ANTIOQUIA,DON MATÍAS,98.97,> 95,ANDINA
268,268,50557,ANTIOQUIA,EL BAGRE,89.02,70.1 - 90,ANDINA
269,269,10404,ANTIOQUIA,ENTRERRIOS,99.43,> 95,ANDINA
270,270,21142,ANTIOQUIA,FREDONIA,98.89,> 95,ANDINA
271,271,15703,ANTIOQUIA,FRONTINO,96.56,> 95,ANDINA
272,272,3977,ANTIOQUIA,GIRALDO,98.89,> 95,ANDINA
273,273,9881,ANTIOQUIA,GRANADA,98.82,> 95,ANDINA
274,274,50401,ANTIOQUIA,GUARNE,99.53,> 95,ANDINA
275,275,5097,ANTIOQUIA,GUATAPÉ,99.61,> 95,ANDINA
276,276,5690,ANTIOQUIA,HELICONIA,98.86,> 95,ANDINA
277,277,4885,ANTIOQUIA,HISPANIA,99.3,> 95,ANDINA
278,278,19919,ANTIOQUIA,ITUANGO,83.35,70.1 - 90,ANDINA
279,279,11852,ANTIOQUIA,JERICÓ,99.91,> 95,ANDINA
280,280,6402,ANTIOQUIA,LA PINTADA,99.96,> 95,ANDINA
281,281,19413,ANTIOQUIA,LA UNION,98.95,> 95,ANDINA
282,282,6611,ANTIOQUIA,MACEO,95.52,> 95,ANDINA
283,283,55798,ANTIOQUIA,MARINILLA,99.74,> 95,ANDINA
284,284,5825,ANTIOQUIA,MONTEBELLO,97.38,> 95,ANDINA
285,285,17891,ANTIOQUIA,NARIÑO,98.79,> 95,ANDINA
286,286,28585,ANTIOQUIA,NECHÍ,81.3,70.1 - 90,ANDINA
287,287,3341,ANTIOQUIA,OLAYA,93.48,90.1 - 95,ANDINA
288,288,15746,ANTIOQUIA,PEÑOL,99.45,> 95,ANDINA
289,289,11321,ANTIOQUIA,PEQUE,90.57,90.1 - 95,ANDINA
290,290,6675,ANTIOQUIA,PUEBLORRICO,99.29,> 95,ANDINA
291,291,49392,ANTIOQUIA,PUERTO BERRÍO,98.95,> 95,ANDINA
292,292,19209,ANTIOQUIA,PUERTO NARE,97.6,> 95,ANDINA
293,293,21317,ANTIOQUIA,PUERTO TRIUNFO,98.73,> 95,ANDINA
294,294,31333,ANTIOQUIA,REMEDIOS,87.46,70.1 - 90,ANDINA
295,295,19702,ANTIOQUIA,RETIRO,99.17,> 95,ANDINA
296,296,8191,ANTIOQUIA,SABANALARGA,96.1,> 95,ANDINA
297,297,17397,ANTIOQUIA,SALGAR,98.87,> 95,ANDINA
298,298,5917,ANTIOQUIA,SAN ANDRÉS,91.0,90.1 - 95,ANDINA
299,299,16132,ANTIOQUIA,SAN CARLOS,97.94,> 95,ANDINA
300,300,5021,ANTIOQUIA,SAN FRANCISCO,87.1,70.1 - 90,ANDINA
301,301,3436,ANTIOQUIA,SAN JOSÉ DE LA MONTAÑA,98.73,> 95,ANDINA
302,302,26646,ANTIOQUIA,SAN JUAN DE URABÁ,95.42,> 95,ANDINA
303,303,10926,ANTIOQUIA,SAN LUIS,96.45,> 95,ANDINA
304,304,27978,ANTIOQUIA,SAN PEDRO,98.83,> 95,ANDINA
305,305,32063,ANTIOQUIA,SAN PEDRO DE URABÁ,78.84,70.1 - 90,ANDINA
306,306,15632,CUNDINAMARCA,GACHANCIPÁ,98.72,> 95,ANDINA
307,307,4989,CUNDINAMARCA,GUAYABETAL,98.48,> 95,ANDINA
308,308,4312,CUNDINAMARCA,GUTIÉRREZ,99.45,> 95,ANDINA
309,309,2664,CUNDINAMARCA,JERUSALÉN,97.48,> 95,ANDINA
310,310,8701,CUNDINAMARCA,JUNÍN,98.39,> 95,ANDINA
311,311,28568,CUNDINAMARCA,LA CALERA,100.0,> 95,ANDINA
312,312,32771,CUNDINAMARCA,LA MESA,98.46,> 95,ANDINA
313,313,11012,CUNDINAMARCA,LA PALMA,98.97,> 95,ANDINA
314,314,7046,CUNDINAMARCA,LA PEÑA,98.89,> 95,ANDINA
315,315,14489,CUNDINAMARCA,LA VEGA,99.35,> 95,ANDINA
316,316,10394,CUNDINAMARCA,LENGUAZAQUE,97.33,> 95,ANDINA
317,317,6178,CUNDINAMARCA,MACHETÁ,98.45,> 95,ANDINA
318,318,82118,CUNDINAMARCA,MADRID,100.0,> 95,ANDINA
319,319,4769,CUNDINAMARCA,MANTA,98.55,> 95,ANDINA
320,320,10183,CUNDINAMARCA,MEDINA,98.77,> 95,ANDINA
321,321,89108,CUNDINAMARCA,MOSQUERA,100.0,> 95,ANDINA
322,322,2249,CUNDINAMARCA,NARIÑO,94.83,90.1 - 95,ANDINA
323,323,14137,CUNDINAMARCA,NEMOCÓN,98.79,> 95,ANDINA
324,324,19828,CUNDINAMARCA,NILO,98.65,> 95,ANDINA
325,325,7074,CUNDINAMARCA,NIMAIMA,98.96,> 95,ANDINA
326,326,8157,CUNDINAMARCA,NOCAIMA,99.55,> 95,ANDINA
327,327,4084,CUNDINAMARCA,VENECIA,96.05,> 95,ANDINA
328,328,27780,CUNDINAMARCA,PACHO,98.79,> 95,ANDINA
329,329,4255,CUNDINAMARCA,PAIME,99.42,> 95,ANDINA
330,330,5717,CUNDINAMARCA,PANDI,94.8,90.1 - 95,ANDINA
331,331,7809,CUNDINAMARCA,PARATEBUENO,98.49,> 95,ANDINA
332,332,12479,CUNDINAMARCA,PASCA,98.78,> 95,ANDINA
333,333,19665,CUNDINAMARCA,PUERTO SALGAR,99.58,> 95,ANDINA
334,334,3031,CUNDINAMARCA,PULÍ,98.75,> 95,ANDINA
335,335,4766,CUNDINAMARCA,QUEBRADANEGRA,98.65,> 95,ANDINA
336,336,7298,CUNDINAMARCA,QUETAME,98.63,> 95,ANDINA
337,337,8146,CUNDINAMARCA,QUIPILE,97.12,> 95,ANDINA
338,338,7812,CUNDINAMARCA,APULO,99.19,> 95,ANDINA
339,339,9844,CUNDINAMARCA,RICAURTE,99.05,> 95,ANDINA
340,340,13272,CUNDINAMARCA,SAN ANTONIO DEL TEQUENDAMA,98.34,> 95,ANDINA
341,341,10775,CUNDINAMARCA,SAN BERNARDO,97.89,> 95,ANDINA
342,342,5354,CUNDINAMARCA,SAN CAYETANO,98.28,> 95,ANDINA
343,343,10011,CUNDINAMARCA,SAN FRANCISCO,97.78,> 95,ANDINA
344,344,9670,CUNDINAMARCA,SAN JUAN DE RIOSECO,99.65,> 95,ANDINA
345,345,10828,CUNDINAMARCA,SASAIMA,99.41,> 95,ANDINA
346,346,15415,CUNDINAMARCA,SESQUILÉ,98.22,> 95,ANDINA
347,347,40535,CUNDINAMARCA,SIBATÉ,98.11,> 95,ANDINA
348,348,22068,CUNDINAMARCA,SILVANIA,97.13,> 95,ANDINA
349,349,13741,CUNDINAMARCA,SIMIJACA,98.89,> 95,ANDINA
350,350,544997,CUNDINAMARCA,SOACHA,99.97,> 95,ANDINA
351,351,28518,CUNDINAMARCA,SOPÓ,100.0,> 95,ANDINA
352,352,17077,CUNDINAMARCA,SUBACHOQUE,99.7,> 95,ANDINA
353,353,18375,CUNDINAMARCA,SUESCA,98.45,> 95,ANDINA
354,354,5027,CUNDINAMARCA,SUPATÁ,99.4,> 95,ANDINA
355,355,13189,CUNDINAMARCA,SUSA,98.31,> 95,ANDINA
356,356,5809,CUNDINAMARCA,SUTATAUSA,98.41,> 95,ANDINA
357,357,29042,CUNDINAMARCA,TABIO,100.0,> 95,ANDINA
358,358,9106,CUNDINAMARCA,TAUSA,98.43,> 95,ANDINA
359,359,9359,CUNDINAMARCA,TENA,98.47,> 95,ANDINA
360,360,20179,CUNDINAMARCA,TENJO,100.0,> 95,ANDINA
361,361,4832,CUNDINAMARCA,TIBACUY,100.0,> 95,ANDINA
362,362,2938,CUNDINAMARCA,TIBIRITA,97.86,> 95,ANDINA
363,363,18704,CUNDINAMARCA,TOCAIMA,99.24,> 95,ANDINA
364,364,34554,CUNDINAMARCA,TOCANCIPÁ,100.0,> 95,ANDINA
365,365,4493,CUNDINAMARCA,TOPAIPÍ,98.5,> 95,ANDINA
366,366,10337,CUNDINAMARCA,JURISDICCIÓN DE UBALÁ,98.5,> 95,ANDINA
367,367,5958,CUNDINAMARCA,UBAQUE,98.41,> 95,ANDINA
368,368,39393,CUNDINAMARCA,UBATÉ,100.0,> 95,ANDINA
369,369,9561,CUNDINAMARCA,UNE,98.51,> 95,ANDINA
370,370,5039,CUNDINAMARCA,ÚTICA,99.76,> 95,ANDINA
371,371,7719,CUNDINAMARCA,VERGARA,98.65,> 95,ANDINA
372,372,4226,CUNDINAMARCA,VIANÍ,98.98,> 95,ANDINA
373,373,2168,CUNDINAMARCA,VILLAGÓMEZ,100.0,> 95,ANDINA
374,374,20711,CUNDINAMARCA,VILLAPINZÓN,98.05,> 95,ANDINA
375,375,25497,CUNDINAMARCA,VILLETA,99.24,> 95,ANDINA
376,376,13328,CUNDINAMARCA,VIOTÁ,98.72,> 95,ANDINA
377,377,17113,CUNDINAMARCA,YACOPÍ,98.65,> 95,ANDINA
378,378,5750,CUNDINAMARCA,ZIPACÓN,99.29,> 95,ANDINA
379,379,128426,CUNDINAMARCA,ZIPAQUIRÁ,100.0,> 95,ANDINA
380,380,347501,HUILA,NEIVA,97.88,> 95,ANDINA
381,381,35089,HUILA,ACEVEDO,93.36,90.1 - 95,ANDINA
382,382,9223,HUILA,AGRADO,100.0,> 95,ANDINA
383,383,28406,HUILA,AIPE,95.79,> 95,ANDINA
384,384,24668,HUILA,ALGECIRAS,100.0,> 95,ANDINA
385,385,4538,HUILA,ALTAMIRA,95.9,> 95,ANDINA
386,386,9715,HUILA,BARAYA,100.0,> 95,ANDINA
387,387,34782,HUILA,CAMPOALEGRE,100.0,> 95,ANDINA
388,388,12778,HUILA,COLOMBIA,72.76,70.1 - 90,ANDINA
389,389,4130,HUILA,ELÍAS,96.15,> 95,ANDINA
390,390,94219,HUILA,GARZÓN,92.92,90.1 - 95,ANDINA
391,391,34942,HUILA,GIGANTE,95.35,> 95,ANDINA
392,392,22463,HUILA,GUADALUPE,91.87,90.1 - 95,ANDINA
393,393,13403,HUILA,ÍQUIRA,93.81,90.1 - 95,ANDINA
394,394,28179,HUILA,ISNOS,94.55,90.1 - 95,ANDINA
395,395,14797,HUILA,LA ARGENTINA,81.64,70.1 - 90,ANDINA
396,396,66056,HUILA,LA PLATA,92.43,90.1 - 95,ANDINA
397,397,6497,HUILA,NÁTAGA,90.05,90.1 - 95,ANDINA
398,398,14469,HUILA,OPORAPA,100.0,> 95,ANDINA
399,399,5691,HUILA,PAICOL,100.0,> 95,ANDINA
400,400,34401,HUILA,PALERMO,93.69,90.1 - 95,ANDINA
401,401,11950,HUILA,PALESTINA,100.0,> 95,ANDINA
402,402,13955,HUILA,PITAL,100.0,> 95,ANDINA
403,403,133177,HUILA,PITALITO,97.95,> 95,ANDINA
404,404,19377,HUILA,RIVERA,100.0,> 95,ANDINA
405,405,11817,HUILA,SALADOBLANCO,100.0,> 95,ANDINA
406,406,33820,HUILA,SAN AGUSTÍN,100.0,> 95,ANDINA
407,407,11651,HUILA,SANTA MARÍA,96.36,> 95,ANDINA
408,408,20551,HUILA,SUAZA,96.03,> 95,ANDINA
409,409,18099,HUILA,TARQUI,100.0,> 95,ANDINA
410,410,9340,HUILA,TESALIA,94.84,90.1 - 95,ANDINA
411,411,14444,HUILA,TELLO,98.79,> 95,ANDINA
412,412,8881,HUILA,TERUEL,100.0,> 95,ANDINA
413,413,20424,HUILA,TIMANÁ,100.0,> 95,ANDINA
414,414,7305,HUILA,VILLAVIEJA,99.5,> 95,ANDINA
415,415,9294,HUILA,YAGUARÁ,95.44,> 95,ANDINA
416,416,28044,LA GUAJIRA,ALBANIA,84.63,70.1 - 90,CARIBE
417,417,36862,LA GUAJIRA,BARRANCAS,87.64,70.1 - 90,CARIBE
418,418,36636,LA GUAJIRA,DIBULLA,76.75,70.1 - 90,CARIBE
419,419,16799,LA GUAJIRA,DISTRACCIÓN,78.8,70.1 - 90,CARIBE
420,420,9037,LA GUAJIRA,EL MOLINO,93.51,90.1 - 95,CARIBE
421,421,34762,LA GUAJIRA,FONSECA,99.8,> 95,CARIBE
422,422,27721,LA GUAJIRA,HATO NUEVO,86.99,70.1 - 90,CARIBE
423,423,3308,LA GUAJIRA,LA JAGUA DEL PILAR,93.24,90.1 - 95,CARIBE
424,424,164424,LA GUAJIRA,MAICAO,98.04,> 95,CARIBE
425,425,116248,LA GUAJIRA,MANAURE,35.34,<= 70,CARIBE
426,426,38900,LA GUAJIRA,SAN JUAN DEL CESAR,98.99,> 95,CARIBE
427,427,19214,LA GUAJIRA,URUMITA,79.4,70.1 - 90,CARIBE
428,428,28508,LA GUAJIRA,VILLANUEVA,95.62,> 95,CARIBE
429,429,12830,MAGDALENA,ALGARROBO,100.0,> 95,CARIBE
430,430,24140,CAQUETÁ,MONTAÑITA,77.48,70.1 - 90,AMAZONIA
431,431,11829,CAQUETÁ,MILÁN,85.13,70.1 - 90,AMAZONIA
432,432,3892,CAQUETÁ,MORELIA,90.67,90.1 - 95,AMAZONIA
433,433,33623,CAQUETÁ,PUERTO RICO,100.0,> 95,AMAZONIA
434,434,15223,CAQUETÁ,SAN JOSÉ DEL FRAGUA,65.7,<= 70,AMAZONIA
435,435,11772,CAQUETÁ,VALPARAÍSO,93.5,90.1 - 95,AMAZONIA
436,436,284949,CAUCA,POPAYÁN,99.85,> 95,PACIFICO
437,437,21351,CAUCA,ALMAGUER,80.86,70.1 - 90,PACIFICO
438,438,27454,CAUCA,ARGELIA,73.22,70.1 - 90,PACIFICO
439,439,26210,CAUCA,BALBOA,87.62,70.1 - 90,PACIFICO
440,440,44836,CAUCA,BOLÍVAR,76.38,70.1 - 90,PACIFICO
441,441,34037,CAUCA,BUENOS AIRES,84.83,70.1 - 90,PACIFICO
442,442,38428,CAUCA,CAJIBÍO,75.72,70.1 - 90,PACIFICO
443,443,33910,CAUCA,CALDONO,56.02,<= 70,PACIFICO
444,444,17736,CAUCA,CALOTO,80.65,70.1 - 90,PACIFICO
445,445,33107,CAUCA,CORINTO,87.96,70.1 - 90,PACIFICO
446,446,47958,CAUCA,EL TAMBO,68.18,<= 70,PACIFICO
447,447,6175,CAUCA,FLORENCIA,94.82,90.1 - 95,PACIFICO
448,448,19920,CAUCA,GUACHENÉ,97.46,> 95,PACIFICO
449,449,32150,CAUCA,INZÁ,72.74,70.1 - 90,PACIFICO
450,450,18663,CAUCA,JAMBALÓ,63.05,<= 70,PACIFICO
451,451,10576,CAUCA,LA SIERRA,86.0,70.1 - 90,PACIFICO
452,452,47007,CAUCA,LA VEGA,83.81,70.1 - 90,PACIFICO
453,453,18198,CAUCA,MERCADERES,80.78,70.1 - 90,PACIFICO
454,454,41925,CAUCA,MIRANDA,95.53,> 95,PACIFICO
455,455,26535,CAUCA,MORALES,79.82,70.1 - 90,PACIFICO
456,456,7744,CAUCA,PADILLA,91.45,90.1 - 95,PACIFICO
457,457,36254,CAUCA,PÁEZ,64.62,<= 70,PACIFICO
458,458,37209,CAUCA,PATÍA,85.27,70.1 - 90,PACIFICO
459,459,7437,CAUCA,PIAMONTE,36.75,<= 70,PACIFICO
460,460,45355,CAUCA,PIENDAMÓ,93.81,90.1 - 95,PACIFICO
461,461,46088,CAUCA,PUERTO TEJADA,99.67,> 95,PACIFICO
462,462,15275,CAUCA,PURACÉ,94.44,90.1 - 95,PACIFICO
463,463,13542,CAUCA,ROSAS,89.34,70.1 - 90,PACIFICO
464,464,14314,CAUCA,SAN SEBASTIÁN,83.59,70.1 - 90,PACIFICO
465,465,97965,CAUCA,SANTANDER DE QUILICHAO,95.74,> 95,PACIFICO
466,466,10780,CAUCA,SANTA ROSA,78.71,70.1 - 90,PACIFICO
467,467,32588,CAUCA,SILVIA,70.64,70.1 - 90,PACIFICO
468,468,17416,CAUCA,SOTARÁ,84.17,70.1 - 90,PACIFICO
469,469,18485,CAUCA,SUÁREZ,74.38,70.1 - 90,PACIFICO
470,470,8880,CAUCA,SUCRE,76.57,70.1 - 90,PACIFICO
471,471,35160,CAUCA,TIMBÍO,97.58,> 95,PACIFICO
472,472,30110,CAUCA,TORIBÍO,84.44,70.1 - 90,PACIFICO
473,473,21016,CAUCA,TOTORÓ,77.12,70.1 - 90,PACIFICO
474,474,16781,CAUCA,VILLA RICA,98.5,> 95,PACIFICO
475,475,95782,CESAR,AGUACHICA,99.94,> 95,CARIBE
476,476,49654,CESAR,AGUSTÍN CODAZZI,90.23,90.1 - 95,CARIBE
477,477,19348,CESAR,ASTREA,100.0,> 95,CARIBE
478,478,39100,CESAR,BOSCONIA,99.0,> 95,CARIBE
479,479,30404,CESAR,CHIMICHAGUA,91.58,90.1 - 95,CARIBE
480,480,18852,CESAR,CHIRIGUANÁ,100.0,> 95,CARIBE
481,481,23360,CESAR,CURUMANÍ,97.99,> 95,CARIBE
482,482,26803,CESAR,EL COPEY,95.98,> 95,CARIBE
483,483,23361,CESAR,EL PASO,93.62,90.1 - 95,CARIBE
484,484,17278,CESAR,GAMARRA,98.28,> 95,CARIBE
485,485,6398,CESAR,GONZÁLEZ,77.71,70.1 - 90,CARIBE
486,486,12405,CESAR,LA GLORIA,87.7,70.1 - 90,CARIBE
487,487,17462,CESAR,PAILITAS,97.88,> 95,CARIBE
488,488,18243,CESAR,PELAYA,84.38,70.1 - 90,CARIBE
489,489,13897,CESAR,RÍO DE ORO,72.93,70.1 - 90,CARIBE
490,490,22977,CESAR,LA PAZ,92.64,90.1 - 95,CARIBE
491,491,26080,CESAR,SAN ALBERTO,89.56,70.1 - 90,CARIBE
492,492,13208,CESAR,SAN DIEGO,100.0,> 95,CARIBE
493,493,18846,CESAR,SAN MARTÍN,92.18,90.1 - 95,CARIBE
494,494,13754,CESAR,TAMALAMEQUE,89.99,70.1 - 90,CARIBE
495,495,460223,CÓRDOBA,MONTERÍA,100.0,> 95,CARIBE
496,496,54144,CÓRDOBA,AYAPEL,92.62,90.1 - 95,CARIBE
497,497,22459,CÓRDOBA,BUENAVISTA,82.62,70.1 - 90,CARIBE
498,498,23028,CÓRDOBA,CANALETE,84.23,70.1 - 90,CARIBE
499,499,93713,CÓRDOBA,CERETÉ,100.0,> 95,CARIBE
500,500,15438,CÓRDOBA,CHIMÁ,93.09,90.1 - 95,CARIBE
501,501,49841,CÓRDOBA,CHINÚ,93.27,90.1 - 95,CARIBE
502,502,67934,CÓRDOBA,CIÉNAGA DE ORO,91.47,90.1 - 95,CARIBE
503,503,15547,CÓRDOBA,COTORRA,94.67,90.1 - 95,CARIBE
504,504,16046,CÓRDOBA,LA APARTADA,97.49,> 95,CARIBE
505,505,120558,CÓRDOBA,LORICA,100.0,> 95,CARIBE
506,506,25947,CÓRDOBA,LOS CÓRDOBAS,64.94,<= 70,CARIBE
507,507,15175,CÓRDOBA,MOMIL,100.0,> 95,CARIBE
508,508,86858,CÓRDOBA,MONTELÍBANO,100.0,> 95,CARIBE
509,509,28708,CÓRDOBA,MOÑITOS,65.91,<= 70,CARIBE
510,510,68810,CÓRDOBA,PLANETA RICA,99.95,> 95,CARIBE
511,511,40911,CÓRDOBA,PUEBLO NUEVO,74.18,70.1 - 90,CARIBE
512,512,31834,CÓRDOBA,PUERTO ESCONDIDO,66.85,<= 70,CARIBE
513,513,15172,CÓRDOBA,PURÍSIMA,100.0,> 95,CARIBE
514,514,90406,CÓRDOBA,SAHAGÚN,99.76,> 95,CARIBE
515,515,46145,CÓRDOBA,SAN ANDRÉS DE SOTAVENTO,59.04,<= 70,CARIBE
516,516,33096,CÓRDOBA,SAN ANTERO,100.0,> 95,CARIBE
517,517,35874,CÓRDOBA,SAN BERNARDO DEL VIENTO,80.34,70.1 - 90,CARIBE
518,518,28236,CÓRDOBA,SAN CARLOS,89.52,70.1 - 90,CARIBE
519,519,11549,CÓRDOBA,SAN JOSÉ DE URÉ,82.86,70.1 - 90,CARIBE
520,520,44972,CÓRDOBA,SAN PELAYO,67.2,<= 70,CARIBE
521,521,45926,CÓRDOBA,VALENCIA,69.68,<= 70,CARIBE
522,522,10733,CUNDINAMARCA,AGUA DE DIOS,99.63,> 95,ANDINA
523,523,5957,CUNDINAMARCA,ALBÁN,99.1,> 95,ANDINA
524,524,13928,CUNDINAMARCA,ANAPOIMA,98.72,> 95,ANDINA
525,525,11998,CUNDINAMARCA,ANOLAIMA,98.82,> 95,ANDINA
526,526,12412,CUNDINAMARCA,ARBELÁEZ,97.34,> 95,ANDINA
527,527,2281,CUNDINAMARCA,BELTRÁN,100.0,> 95,ANDINA
528,528,2480,CUNDINAMARCA,BITUIMA,99.5,> 95,ANDINA
529,529,12448,CUNDINAMARCA,BOJACÁ,99.3,> 95,ANDINA
530,530,4434,CUNDINAMARCA,CABRERA,97.63,> 95,ANDINA
531,531,9765,CUNDINAMARCA,CACHIPAY,98.85,> 95,ANDINA
532,532,60379,CUNDINAMARCA,CAJICÁ,100.0,> 95,ANDINA
533,533,16732,CUNDINAMARCA,CAPARRAPÍ,98.48,> 95,ANDINA
534,534,17303,CUNDINAMARCA,CÁQUEZA,97.89,> 95,ANDINA
535,535,9366,CUNDINAMARCA,CARMEN DE CARUPA,97.35,> 95,ANDINA
536,536,3962,CUNDINAMARCA,CHAGUANÍ,98.63,> 95,ANDINA
537,537,135752,CUNDINAMARCA,CHÍA,100.0,> 95,ANDINA
538,538,8401,CUNDINAMARCA,CHIPAQUE,99.68,> 95,ANDINA
539,539,10553,CUNDINAMARCA,CHOACHÍ,98.89,> 95,ANDINA
540,540,27238,CUNDINAMARCA,CHOCONTÁ,98.77,> 95,ANDINA
541,541,23654,CUNDINAMARCA,COGUA,98.7,> 95,ANDINA
542,542,26463,CUNDINAMARCA,COTA,100.0,> 95,ANDINA
543,543,7589,CUNDINAMARCA,CUCUNUBÁ,96.52,> 95,ANDINA
544,544,22163,CUNDINAMARCA,EL COLEGIO,98.2,> 95,ANDINA
545,545,4775,CUNDINAMARCA,EL PEÑÓN,98.6,> 95,ANDINA
546,546,18440,CUNDINAMARCA,EL ROSAL,99.59,> 95,ANDINA
547,547,139364,CUNDINAMARCA,FACATATIVÁ,99.77,> 95,ANDINA
548,548,12228,CUNDINAMARCA,FÓMEQUE,98.39,> 95,ANDINA
549,549,7852,CUNDINAMARCA,FOSCA,98.55,> 95,ANDINA
550,550,79545,CUNDINAMARCA,FUNZA,100.0,> 95,ANDINA
551,551,5780,CUNDINAMARCA,FÚQUENE,97.88,> 95,ANDINA
552,552,142426,CUNDINAMARCA,FUSAGASUGÁ,98.8,> 95,ANDINA
553,553,5674,CUNDINAMARCA,GACHALÁ,99.21,> 95,ANDINA
554,554,11310,CUNDINAMARCA,GACHETÁ,98.38,> 95,ANDINA
555,555,4045,CUNDINAMARCA,GAMA,98.85,> 95,ANDINA
556,556,106818,CUNDINAMARCA,GIRARDOT,99.71,> 95,ANDINA
557,557,9253,CUNDINAMARCA,GRANADA,98.89,> 95,ANDINA
558,558,11348,CUNDINAMARCA,GUACHETÁ,98.59,> 95,ANDINA
559,559,40446,CUNDINAMARCA,GUADUAS,98.36,> 95,ANDINA
560,560,15478,CUNDINAMARCA,GUASCA,98.51,> 95,ANDINA
561,561,2689,CUNDINAMARCA,GUATAQUÍ,98.38,> 95,ANDINA
562,562,6958,CUNDINAMARCA,GUATAVITA,97.67,> 95,ANDINA
563,563,3659,CUNDINAMARCA,GUAYABAL DE SÍQUIMA,98.43,> 95,ANDINA
564,564,30655,QUINDIO,CIRCASIA,100.0,> 95,ANDINA
565,565,5262,QUINDIO,CÓRDOBA,97.24,> 95,ANDINA
566,566,13571,QUINDIO,FILANDIA,99.41,> 95,ANDINA
567,567,7482,QUINDIO,GÉNOVA,97.93,> 95,ANDINA
568,568,45220,QUINDIO,LA TEBAIDA,100.0,> 95,ANDINA
569,569,41718,QUINDIO,MONTENEGRO,100.0,> 95,ANDINA
570,570,6000,QUINDIO,PIJAO,95.91,> 95,ANDINA
571,571,35198,QUINDIO,QUIMBAYA,100.0,> 95,ANDINA
572,572,7099,QUINDIO,SALENTO,97.1,> 95,ANDINA
573,573,476660,RISARALDA,PEREIRA,100.0,> 95,ANDINA
574,574,19424,RISARALDA,APÍA,99.19,> 95,ANDINA
575,575,27723,RISARALDA,BELÉN DE UMBRÍA,99.4,> 95,ANDINA
576,576,15176,RISARALDA,GUÁTICA,97.54,> 95,ANDINA
577,577,8550,RISARALDA,LA CELIA,96.13,> 95,ANDINA
578,578,32261,RISARALDA,LA VIRGINIA,99.94,> 95,ANDINA
579,579,23914,RISARALDA,MARSELLA,99.82,> 95,ANDINA
580,580,13809,RISARALDA,PUEBLO RICO,83.83,70.1 - 90,ANDINA
581,581,33939,RISARALDA,QUINCHÍA,95.04,> 95,ANDINA
582,582,72838,RISARALDA,SANTA ROSA DE CABAL,99.74,> 95,ANDINA
583,583,15824,RISARALDA,SANTUARIO,99.0,> 95,ANDINA
584,584,1782,SANTANDER,AGUADA,85.37,70.1 - 90,ANDINA
585,585,5289,SANTANDER,ALBANIA,92.62,90.1 - 95,ANDINA
586,586,8280,SANTANDER,ARATOCA,88.71,70.1 - 90,ANDINA
587,587,29352,SANTANDER,BARBOSA,98.13,> 95,ANDINA
588,588,7062,SANTANDER,BARICHARA,95.47,> 95,ANDINA
589,589,191495,SANTANDER,BARRANCABERMEJA,99.76,> 95,ANDINA
590,590,5031,SANTANDER,BETULIA,94.36,90.1 - 95,ANDINA
591,591,11919,SANTANDER,BOLÍVAR,68.5,<= 70,ANDINA
592,592,2400,SANTANDER,CABRERA,84.63,70.1 - 90,ANDINA
593,593,2037,SANTANDER,CALIFORNIA,84.86,70.1 - 90,ANDINA
594,594,5430,SANTANDER,CAPITANEJO,92.37,90.1 - 95,ANDINA
595,595,4966,SANTANDER,CARCASÍ,91.52,90.1 - 95,ANDINA
596,596,1819,SANTANDER,CEPITÁ,91.39,90.1 - 95,ANDINA
597,597,5532,SANTANDER,CERRITO,97.29,> 95,ANDINA
598,598,10290,SANTANDER,CHARALÁ,94.74,90.1 - 95,ANDINA
599,599,2549,SANTANDER,CHARTA,84.03,70.1 - 90,ANDINA
600,600,3014,SANTANDER,CHIMA,94.59,90.1 - 95,ANDINA
601,601,5062,SANTANDER,CHIPATÁ,75.12,70.1 - 90,ANDINA
602,602,48328,SANTANDER,CIMITARRA,96.73,> 95,ANDINA
603,603,5110,SANTANDER,CONCEPCIÓN,95.21,> 95,ANDINA
604,604,2695,SANTANDER,CONFINES,96.68,> 95,ANDINA
605,605,3352,SANTANDER,CONTRATACIÓN,94.87,90.1 - 95,ANDINA
606,606,7642,SANTANDER,COROMORO,92.37,90.1 - 95,ANDINA
607,607,12016,SANTANDER,CURITÍ,84.4,70.1 - 90,ANDINA
608,608,20671,SANTANDER,EL CARMEN,86.14,70.1 - 90,ANDINA
609,609,1918,SANTANDER,EL GUACAMAYO,87.99,70.1 - 90,ANDINA
610,610,5038,SANTANDER,EL PEÑÓN,80.86,70.1 - 90,ANDINA
611,611,11385,SANTANDER,EL PLAYÓN,85.48,70.1 - 90,ANDINA
612,612,2440,SANTANDER,ENCINO,85.33,70.1 - 90,ANDINA
613,613,3136,SANTANDER,ENCISO,89.16,70.1 - 90,ANDINA
614,614,6276,SANTANDER,FLORIÁN,90.05,90.1 - 95,ANDINA
615,615,267170,SANTANDER,FLORIDABLANCA,98.02,> 95,ANDINA
616,616,2139,SANTANDER,GALÁN,20.93,<= 70,ANDINA
617,617,5039,SANTANDER,GÁMBITA,95.07,> 95,ANDINA
618,618,6264,SANTANDER,GUACA,91.45,90.1 - 95,ANDINA
619,619,4519,SANTANDER,GUADALUPE,94.79,90.1 - 95,ANDINA
620,620,2096,SANTANDER,GUAPOTÁ,95.56,> 95,ANDINA
621,621,3495,SANTANDER,GUAVATÁ,90.09,90.1 - 95,ANDINA
622,622,3730,SANTANDER,GÜEPSA,93.07,90.1 - 95,ANDINA
623,623,2324,SANTANDER,HATO,83.33,70.1 - 90,ANDINA
624,624,3045,SANTANDER,JESÚS MARÍA,92.28,90.1 - 95,ANDINA
625,625,1089,SANTANDER,JORDÁN,71.94,70.1 - 90,ANDINA
626,626,8596,SANTANDER,LA BELLEZA,90.93,90.1 - 95,ANDINA
627,627,15430,SANTANDER,LANDÁZURI,92.02,90.1 - 95,ANDINA
628,628,5027,SANTANDER,LA PAZ,94.43,90.1 - 95,ANDINA
629,629,41122,SANTANDER,LEBRIJA,98.5,> 95,ANDINA
630,630,12539,SANTANDER,LOS SANTOS,88.53,70.1 - 90,ANDINA
631,631,2263,SANTANDER,MACARAVITA,81.33,70.1 - 90,ANDINA
632,632,32527,MAGDALENA,ARIGUANÍ,85.11,70.1 - 90,CARIBE
633,633,7734,MAGDALENA,CERRO DE SAN ANTONIO,90.97,90.1 - 95,CARIBE
634,634,15793,MAGDALENA,CHIVOLO,87.73,70.1 - 90,CARIBE
635,635,105208,MAGDALENA,CIÉNAGA,97.26,> 95,CARIBE
636,636,9260,MAGDALENA,CONCORDIA,68.57,<= 70,CARIBE
637,637,55949,MAGDALENA,EL BANCO,87.34,70.1 - 90,CARIBE
638,638,16718,MAGDALENA,EL PIÑÓN,100.0,> 95,CARIBE
639,639,21766,MAGDALENA,EL RETÉN,92.94,90.1 - 95,CARIBE
640,640,57527,MAGDALENA,FUNDACIÓN,98.97,> 95,CARIBE
641,641,28012,MAGDALENA,GUAMAL,80.37,70.1 - 90,CARIBE
642,642,21130,MAGDALENA,NUEVA GRANADA,76.79,70.1 - 90,CARIBE
643,643,8095,MAGDALENA,PEDRAZA,75.08,70.1 - 90,CARIBE
644,644,16411,MAGDALENA,PIJIÑO  DEL CARMEN,63.34,<= 70,CARIBE
645,645,33400,MAGDALENA,PIVIJAY,95.37,> 95,CARIBE
646,646,60824,MAGDALENA,PLATO,87.97,70.1 - 90,CARIBE
647,647,32346,MAGDALENA,PUEBLOVIEJO,72.68,70.1 - 90,CARIBE
648,648,7980,MAGDALENA,REMOLINO,81.37,70.1 - 90,CARIBE
649,649,17568,MAGDALENA,SABANAS DE SAN ÁNGEL,64.91,<= 70,CARIBE
650,650,6758,MAGDALENA,SALAMINA,98.93,> 95,CARIBE
651,651,17568,MAGDALENA,SAN SEBASTIÁN DE BUENAVISTA,76.59,70.1 - 90,CARIBE
652,652,9178,MAGDALENA,SAN ZENÓN,90.08,90.1 - 95,CARIBE
653,653,26923,MAGDALENA,SANTA ANA,77.25,70.1 - 90,CARIBE
654,654,13103,MAGDALENA,SANTA BARBARA DE PINTO,85.65,70.1 - 90,CARIBE
655,655,32801,MAGDALENA,SITIONUEVO,62.01,<= 70,CARIBE
656,656,12214,MAGDALENA,TENERIFE,81.05,70.1 - 90,CARIBE
657,657,8907,MAGDALENA,ZAPAYÁN,83.45,70.1 - 90,CARIBE
658,658,61829,MAGDALENA,ZONA BANANERA,79.93,70.1 - 90,CARIBE
659,659,73640,META,ACACÍAS,97.54,> 95,ORINOQUIA
660,660,4180,META,BARRANCA DE UPÍA,97.24,> 95,ORINOQUIA
661,661,4108,META,CABUYARO,85.29,70.1 - 90,ORINOQUIA
662,662,10494,META,CASTILLA LA NUEVA,98.63,> 95,ORINOQUIA
663,663,6188,META,CUBARRAL,92.78,90.1 - 95,ORINOQUIA
664,664,18395,META,CUMARAL,95.44,> 95,ORINOQUIA
665,665,2222,META,EL CALVARIO,100.0,> 95,ORINOQUIA
666,666,6184,META,EL CASTILLO,93.53,90.1 - 95,ORINOQUIA
667,667,3451,META,EL DORADO,91.93,90.1 - 95,ORINOQUIA
668,668,13919,META,FUENTE DE ORO,94.0,90.1 - 95,ORINOQUIA
669,669,65952,META,GRANADA,98.23,> 95,ORINOQUIA
670,670,9477,META,GUAMAL,93.65,90.1 - 95,ORINOQUIA
671,671,11481,META,MESETAS,88.29,70.1 - 90,ORINOQUIA
672,672,17329,META,URIBE,70.62,70.1 - 90,ORINOQUIA
673,673,9303,META,LEJANÍAS,84.73,70.1 - 90,ORINOQUIA
674,674,34696,META,PUERTO LÓPEZ,95.18,> 95,ORINOQUIA
675,675,10686,META,RESTREPO,94.7,90.1 - 95,ORINOQUIA
676,676,10680,META,SAN CARLOS DE GUAROA,91.58,90.1 - 95,ORINOQUIA
677,677,8728,META,SAN JUAN DE ARAMA,91.52,90.1 - 95,ORINOQUIA
678,678,2241,META,SAN JUANITO,96.26,> 95,ORINOQUIA
679,679,25605,META,SAN MARTÍN,97.62,> 95,ORINOQUIA
680,680,6572,NARIÑO,ANCUYA,99.69,> 95,PACIFICO
681,681,7573,NARIÑO,ARBOLEDA,74.52,70.1 - 90,PACIFICO
682,682,7801,NARIÑO,BELÉN,100.0,> 95,PACIFICO
683,683,25947,NARIÑO,BUESACO,99.03,> 95,PACIFICO
684,684,10238,NARIÑO,COLÓN,95.55,> 95,PACIFICO
685,685,9099,NARIÑO,CONSACÁ,100.0,> 95,PACIFICO
686,686,7035,NARIÑO,CONTADERO,97.85,> 95,PACIFICO
687,687,14091,NARIÑO,CÓRDOBA,86.78,70.1 - 90,PACIFICO
688,688,8727,NARIÑO,CUASPUD,93.45,90.1 - 95,PACIFICO
689,689,39791,NARIÑO,CUMBAL,89.0,70.1 - 90,PACIFICO
690,690,16598,NARIÑO,CUMBITARA,89.58,70.1 - 90,PACIFICO
691,691,14045,NARIÑO,CHACHAGšÍ,99.04,> 95,PACIFICO
692,692,6383,NARIÑO,EL PEÑOL,99.35,> 95,PACIFICO
693,693,9801,NARIÑO,EL ROSARIO,97.09,> 95,PACIFICO
694,694,12388,NARIÑO,EL TABLÓN,77.55,70.1 - 90,PACIFICO
695,695,6354,NARIÑO,FUNES,90.63,90.1 - 95,PACIFICO
696,696,11508,NARIÑO,GUAITARILLA,99.51,> 95,PACIFICO
697,697,5782,NARIÑO,GUALMATÁN,99.24,> 95,PACIFICO
698,698,8956,NARIÑO,ILES,98.75,> 95,PACIFICO
699,699,5902,NARIÑO,IMUÉS,99.4,> 95,PACIFICO
700,700,18292,NARIÑO,LA CRUZ,100.0,> 95,PACIFICO
701,701,5563,NARIÑO,LA LLANADA,100.0,> 95,PACIFICO
702,702,25483,NARIÑO,LA UNIÓN,99.54,> 95,PACIFICO
703,703,9525,NARIÑO,LINARES,99.15,> 95,PACIFICO
704,704,20494,NARIÑO,LOS ANDES,100.0,> 95,PACIFICO
705,705,5074,NARIÑO,NARIÑO,100.0,> 95,PACIFICO
706,706,13711,NARIÑO,PROVIDENCIA,100.0,> 95,PACIFICO
707,707,8186,NARIÑO,PUERRES,95.5,> 95,PACIFICO
708,708,19621,NARIÑO,PUPIALES,99.28,> 95,PACIFICO
709,709,19930,NARIÑO,RICAURTE,43.71,<= 70,PACIFICO
710,710,20908,NARIÑO,SAN BERNARDO,100.0,> 95,PACIFICO
711,711,20283,NARIÑO,SAN LORENZO,100.0,> 95,PACIFICO
712,712,7657,NARIÑO,SAN PEDRO DE CARTAGO,93.7,90.1 - 95,PACIFICO
713,713,30900,NARIÑO,SANTA CRUZ,63.19,<= 70,PACIFICO
714,714,6017,NARIÑO,SAPUYES,100.0,> 95,PACIFICO
715,715,21629,NARIÑO,TAMINANGO,99.48,> 95,PACIFICO
716,716,9252,NARIÑO,TANGUA,100.0,> 95,PACIFICO
717,717,40276,NARIÑO,TÚQUERRES,100.0,> 95,PACIFICO
718,718,11254,NARIÑO,YACUANQUER,100.0,> 95,PACIFICO
719,719,39090,NORTE DE SANTANDER,ÁBREGO,86.03,70.1 - 90,ANDINA
720,720,8946,NORTE DE SANTANDER,ARBOLEDAS,97.49,> 95,ANDINA
721,721,1763,NORTE DE SANTANDER,CÁCOTA,97.05,> 95,ANDINA
722,722,16848,NORTE DE SANTANDER,CHINÁCOTA,98.69,> 95,ANDINA
723,723,10427,NORTE DE SANTANDER,CHITAGÁ,100.0,> 95,ANDINA
724,724,12765,NORTE DE SANTANDER,CONVENCIÓN,82.53,70.1 - 90,ANDINA
725,725,7491,NORTE DE SANTANDER,CUCUTILLA,92.53,90.1 - 95,ANDINA
726,726,13363,NORTE DE SANTANDER,EL CARMEN,80.52,70.1 - 90,ANDINA
727,727,11025,NORTE DE SANTANDER,EL TARRA,75.18,70.1 - 90,ANDINA
728,728,3924,NORTE DE SANTANDER,HERRÁN,71.16,70.1 - 90,ANDINA
729,729,12370,NORTE DE SANTANDER,LA ESPERANZA,100.0,> 95,ANDINA
730,730,8563,NORTE DE SANTANDER,LA PLAYA,87.55,70.1 - 90,ANDINA
731,731,3351,NORTE DE SANTANDER,LOURDES,96.8,> 95,ANDINA
732,732,3727,NORTE DE SANTANDER,MUTISCUA,93.52,90.1 - 95,ANDINA
733,733,4971,NORTE DE SANTANDER,PAMPLONITA,88.47,70.1 - 90,ANDINA
734,734,10757,NORTE DE SANTANDER,PUERTO SANTANDER,96.63,> 95,ANDINA
735,735,6907,NORTE DE SANTANDER,RAGONVALIA,98.14,> 95,ANDINA
736,736,8870,NORTE DE SANTANDER,SALAZAR,89.92,70.1 - 90,ANDINA
737,737,13880,NORTE DE SANTANDER,SAN CALIXTO,85.68,70.1 - 90,ANDINA
738,738,5753,NORTE DE SANTANDER,SAN CAYETANO,99.55,> 95,ANDINA
739,739,2872,NORTE DE SANTANDER,SANTIAGO,91.84,90.1 - 95,ANDINA
740,740,4198,NORTE DE SANTANDER,SILOS,92.04,90.1 - 95,ANDINA
741,741,22910,NORTE DE SANTANDER,TEORAMA,96.59,> 95,ANDINA
742,742,37098,NORTE DE SANTANDER,TIBÚ,88.74,70.1 - 90,ANDINA
743,743,5227,NORTE DE SANTANDER,VILLA CARO,94.73,90.1 - 95,ANDINA
744,744,301226,QUINDIO,ARMENIA,100.0,> 95,ANDINA
745,745,2753,QUINDIO,BUENAVISTA,99.12,> 95,ANDINA
746,746,78776,QUINDIO,CALARCÁ,99.88,> 95,ANDINA
747,747,7513,TOLIMA,PRADO,97.31,> 95,ANDINA
748,748,29665,TOLIMA,PURIFICACIÓN,94.13,90.1 - 95,ANDINA
749,749,24244,TOLIMA,RIOBLANCO,65.26,<= 70,ANDINA
750,750,6352,TOLIMA,RONCESVALLES,78.48,70.1 - 90,ANDINA
751,751,20349,TOLIMA,ROVIRA,94.9,90.1 - 95,ANDINA
752,752,14255,TOLIMA,SALDAÑA,91.29,90.1 - 95,ANDINA
753,753,14138,TOLIMA,SAN ANTONIO,85.91,70.1 - 90,ANDINA
754,754,19130,TOLIMA,SAN LUIS,99.12,> 95,ANDINA
755,755,6319,TOLIMA,SANTA ISABEL,91.56,90.1 - 95,ANDINA
756,756,4547,TOLIMA,SUÁREZ,92.92,90.1 - 95,ANDINA
757,757,6405,TOLIMA,VALLE DE SAN JUAN,90.97,90.1 - 95,ANDINA
758,758,19764,TOLIMA,VENADILLO,99.18,> 95,ANDINA
759,759,10531,TOLIMA,VILLAHERMOSA,95.64,> 95,ANDINA
760,760,5252,TOLIMA,VILLARRICA,96.28,> 95,ANDINA
761,761,22704,VALLE DEL CAUCA,ALCALÁ,100.0,> 95,PACIFICO
762,762,17739,VALLE DEL CAUCA,ANDALUCÍA,99.71,> 95,PACIFICO
763,763,19256,VALLE DEL CAUCA,ANSERMANUEVO,99.89,> 95,PACIFICO
764,764,6366,VALLE DEL CAUCA,ARGELIA,100.0,> 95,PACIFICO
765,765,12964,VALLE DEL CAUCA,BOLÍVAR,91.71,90.1 - 95,PACIFICO
766,766,114569,VALLE DEL CAUCA,BUGA,98.48,> 95,PACIFICO
767,767,21017,VALLE DEL CAUCA,BUGALAGRANDE,99.34,> 95,PACIFICO
768,768,29526,VALLE DEL CAUCA,CAICEDONIA,99.89,> 95,PACIFICO
769,769,15843,VALLE DEL CAUCA,CALIMA,94.38,90.1 - 95,PACIFICO
770,770,2445281,VALLE DEL CAUCA,CALI,99.9,> 95,PACIFICO
771,771,11210,VALLE DEL CAUCA,EL AGUILA,99.46,> 95,PACIFICO
772,772,10183,VALLE DEL CAUCA,EL CAIRO,96.18,> 95,PACIFICO
773,773,58295,VALLE DEL CAUCA,EL CERRITO,99.15,> 95,PACIFICO
774,774,8238,VALLE DEL CAUCA,EL DOVIO,88.58,70.1 - 90,PACIFICO
775,775,58771,VALLE DEL CAUCA,FLORIDA,97.7,> 95,PACIFICO
776,776,21617,VALLE DEL CAUCA,GINEBRA,97.81,> 95,PACIFICO
777,777,35374,VALLE DEL CAUCA,GUACARÍ,99.52,> 95,PACIFICO
778,778,127193,VALLE DEL CAUCA,JAMUNDÍ,98.21,> 95,PACIFICO
779,779,11667,VALLE DEL CAUCA,LA CUMBRE,96.41,> 95,PACIFICO
780,780,39658,VALLE DEL CAUCA,LA UNIÓN,99.97,> 95,PACIFICO
781,781,12991,VALLE DEL CAUCA,LA VICTORIA,98.91,> 95,PACIFICO
782,782,15226,VALLE DEL CAUCA,OBANDO,99.47,> 95,PACIFICO
783,783,310608,VALLE DEL CAUCA,PALMIRA,99.66,> 95,PACIFICO
784,784,57255,VALLE DEL CAUCA,PRADERA,98.7,> 95,PACIFICO
785,785,16364,VALLE DEL CAUCA,RESTREPO,99.36,> 95,PACIFICO
786,786,14029,VALLE DEL CAUCA,RIOFRÍO,99.1,> 95,PACIFICO
787,787,32225,VALLE DEL CAUCA,ROLDANILLO,99.16,> 95,PACIFICO
788,788,18872,VALLE DEL CAUCA,SAN PEDRO,97.44,> 95,PACIFICO
789,789,44313,VALLE DEL CAUCA,SEVILLA,98.51,> 95,PACIFICO
790,790,16595,VALLE DEL CAUCA,TORO,100.0,> 95,PACIFICO
791,791,17911,VALLE DEL CAUCA,TRUJILLO,94.25,90.1 - 95,PACIFICO
792,792,219138,VALLE DEL CAUCA,TULUÁ,99.4,> 95,PACIFICO
793,793,5344,VALLE DEL CAUCA,ULLOA,98.88,> 95,PACIFICO
794,794,6927,VALLE DEL CAUCA,VERSALLES,99.36,> 95,PACIFICO
795,795,11411,VALLE DEL CAUCA,VIJES,98.36,> 95,PACIFICO
796,796,16496,VALLE DEL CAUCA,YOTOCO,98.2,> 95,PACIFICO
797,797,125624,VALLE DEL CAUCA,YUMBO,83.19,70.1 - 90,PACIFICO
798,798,46593,VALLE DEL CAUCA,ZARZAL,99.93,> 95,PACIFICO
799,799,3226,ARAUCA,CRAVO NORTE,93.36,90.1 - 95,ORINOQUIA
800,800,26454,ARAUCA,FORTUL,91.4,90.1 - 95,ORINOQUIA
801,801,54198,ARAUCA,TAME,90.67,90.1 - 95,ORINOQUIA
802,803,2603,CASANARE,CHÁMEZA,60.15,<= 70,ORINOQUIA
803,804,1465,CASANARE,LA SALINA,69.76,<= 70,ORINOQUIA
804,805,11119,CASANARE,MANÍ,85.27,70.1 - 90,ORINOQUIA
805,806,8928,CASANARE,NUNCHÍA,57.37,<= 70,ORINOQUIA
806,807,8424,CASANARE,OROCUÉ,44.71,<= 70,ORINOQUIA
807,808,26382,CASANARE,PAZ DE ARIPORO,68.81,<= 70,ORINOQUIA
808,809,4528,CASANARE,RECETOR,47.25,<= 70,ORINOQUIA
809,810,2856,CASANARE,SABANALARGA,78.26,70.1 - 90,ORINOQUIA
810,811,2085,CASANARE,SÁCAMA,90.48,90.1 - 95,ORINOQUIA
811,812,7903,CASANARE,SAN LUIS DE PALENQUE,57.21,<= 70,ORINOQUIA
812,813,7032,CASANARE,TÁMARA,40.71,<= 70,ORINOQUIA
813,814,24066,CASANARE,TAURAMENA,81.41,70.1 - 90,ORINOQUIA
814,815,18271,SANTANDER,MÁLAGA,99.24,> 95,ANDINA
815,816,5147,SANTANDER,MATANZA,91.45,90.1 - 95,ANDINA
816,817,10864,SANTANDER,MOGOTES,86.58,70.1 - 90,ANDINA
817,818,5029,SANTANDER,MOLAGAVITA,87.86,70.1 - 90,ANDINA
818,819,4702,SANTANDER,OCAMONTE,96.78,> 95,ANDINA
819,820,11980,SANTANDER,OIBA,89.7,70.1 - 90,ANDINA
820,821,4895,SANTANDER,ONZAGA,74.67,70.1 - 90,ANDINA
821,822,3474,SANTANDER,PALMAR,67.93,<= 70,ANDINA
822,823,2196,SANTANDER,PALMAS DEL SOCORRO,91.17,90.1 - 95,ANDINA
823,824,4252,SANTANDER,PÁRAMO,95.64,> 95,ANDINA
824,825,159729,SANTANDER,PIEDECUESTA,98.9,> 95,ANDINA
825,826,5460,SANTANDER,PINCHOTE,93.75,90.1 - 95,ANDINA
826,827,11900,SANTANDER,PUENTE NACIONAL,97.71,> 95,ANDINA
827,828,7891,SANTANDER,PUERTO PARRA,85.06,70.1 - 90,ANDINA
828,829,31505,SANTANDER,PUERTO WILCHES,99.1,> 95,ANDINA
829,830,26461,SANTANDER,RIONEGRO,87.21,70.1 - 90,ANDINA
830,831,18149,SANTANDER,SABANA DE TORRES,92.65,90.1 - 95,ANDINA
831,832,8208,SANTANDER,SAN ANDRÉS,91.48,90.1 - 95,ANDINA
832,833,4007,SANTANDER,SAN BENITO,81.66,70.1 - 90,ANDINA
833,834,45891,SANTANDER,SAN GIL,98.01,> 95,ANDINA
834,835,2371,SANTANDER,SAN JOAQUÍN,91.81,90.1 - 95,ANDINA
835,836,4214,SANTANDER,SAN JOSÉ DE MIRANDA,87.3,70.1 - 90,ANDINA
836,837,2295,SANTANDER,SAN MIGUEL,76.83,70.1 - 90,ANDINA
837,838,35000,SANTANDER,SAN VICENTE DE CHUCURÍ,96.86,> 95,ANDINA
838,839,2085,SANTANDER,SANTA BÁRBARA,80.93,70.1 - 90,ANDINA
839,840,4266,SANTANDER,SANTA HELENA DEL OPÓN,84.48,70.1 - 90,ANDINA
840,841,7493,SANTANDER,SIMACOTA,77.43,70.1 - 90,ANDINA
841,842,30985,SANTANDER,SOCORRO,97.1,> 95,ANDINA
842,843,10072,SANTANDER,SUAITA,96.99,> 95,ANDINA
843,844,8172,SANTANDER,SUCRE,86.37,70.1 - 90,ANDINA
844,845,3196,SANTANDER,SURATÁ,93.38,90.1 - 95,ANDINA
845,846,7201,SANTANDER,TONA,93.99,90.1 - 95,ANDINA
846,847,4495,SANTANDER,VALLE DE SAN JOSÉ,94.23,90.1 - 95,ANDINA
847,848,18871,SANTANDER,VÉLEZ,95.82,> 95,ANDINA
848,849,2464,SANTANDER,VETAS,89.63,70.1 - 90,ANDINA
849,850,5548,SANTANDER,VILLANUEVA,92.97,90.1 - 95,ANDINA
850,851,8803,SANTANDER,ZAPATOCA,87.39,70.1 - 90,ANDINA
851,852,9746,SUCRE,BUENAVISTA,99.16,> 95,ANDINA
852,853,12419,SUCRE,CAIMITO,100.0,> 95,ANDINA
853,854,5731,SUCRE,COLOSÓ,97.91,> 95,ANDINA
854,855,63657,SUCRE,COROZAL,100.0,> 95,ANDINA
855,856,14288,SUCRE,COVEÑAS,100.0,> 95,ANDINA
856,857,4401,SUCRE,CHALÁN,100.0,> 95,ANDINA
857,858,10917,SUCRE,EL ROBLE,93.01,90.1 - 95,ANDINA
858,859,21199,SUCRE,GALERAS,99.14,> 95,ANDINA
859,860,18124,SUCRE,GUARANDA,88.64,70.1 - 90,ANDINA
860,861,11454,SUCRE,LA UNIÓN,100.0,> 95,ANDINA
861,862,19224,SUCRE,LOS PALMITOS,100.0,> 95,ANDINA
862,863,33811,SUCRE,MAJAGUAL,91.03,90.1 - 95,ANDINA
863,864,14937,SUCRE,MORROA,91.25,90.1 - 95,ANDINA
864,865,20906,SUCRE,OVEJAS,100.0,> 95,ANDINA
865,866,14499,SUCRE,PALMITO,98.36,> 95,ANDINA
866,867,38339,SUCRE,SAMPUÉS,100.0,> 95,ANDINA
867,868,26298,SUCRE,SAN BENITO ABAD,82.18,70.1 - 90,ANDINA
868,869,12583,SUCRE,SAN JUAN DE BETULIA,100.0,> 95,ANDINA
869,870,59237,SUCRE,SAN MARCOS,100.0,> 95,ANDINA
870,871,51536,SUCRE,SAN ONOFRE,92.41,90.1 - 95,ANDINA
871,872,15925,SUCRE,SAN PEDRO,100.0,> 95,ANDINA
872,873,34681,SUCRE,SINCÉ,97.9,> 95,ANDINA
873,874,22450,SUCRE,SUCRE,90.34,90.1 - 95,ANDINA
874,875,35054,SUCRE,TOLÚ,99.93,> 95,ANDINA
875,876,18892,SUCRE,TOLUVIEJO,100.0,> 95,ANDINA
876,877,4948,TOLIMA,ALPUJARRA,90.42,90.1 - 95,ANDINA
877,878,8777,TOLIMA,ALVARADO,84.44,70.1 - 90,ANDINA
878,879,6594,TOLIMA,AMBALEMA,94.87,90.1 - 95,ANDINA
879,880,19059,TOLIMA,ANZOÁTEGUI,93.67,90.1 - 95,ANDINA
880,881,11609,TOLIMA,ARMERO,98.2,> 95,ANDINA
881,882,22752,TOLIMA,ATACO,66.64,<= 70,ANDINA
882,883,19611,TOLIMA,CAJAMARCA,92.99,90.1 - 95,ANDINA
883,884,8916,TOLIMA,CARMEN DE APICALÁ,99.7,> 95,ANDINA
884,885,6603,TOLIMA,CASABIANCA,91.61,90.1 - 95,ANDINA
885,886,47344,TOLIMA,CHAPARRAL,84.55,70.1 - 90,ANDINA
886,887,9963,TOLIMA,COELLO,95.16,> 95,ANDINA
887,888,28412,TOLIMA,COYAIMA,81.14,70.1 - 90,ANDINA
888,889,9459,TOLIMA,CUNDAY,88.67,70.1 - 90,ANDINA
889,890,7826,TOLIMA,DOLORES,86.02,70.1 - 90,ANDINA
890,891,75949,TOLIMA,ESPINAL,100.0,> 95,ANDINA
891,892,9196,TOLIMA,FALAN,89.91,70.1 - 90,ANDINA
892,893,29377,TOLIMA,FLANDES,99.98,> 95,ANDINA
893,894,29917,TOLIMA,FRESNO,96.65,> 95,ANDINA
894,895,31605,TOLIMA,GUAMO,95.12,> 95,ANDINA
895,896,7795,TOLIMA,HERVEO,96.11,> 95,ANDINA
896,897,24077,TOLIMA,HONDA,99.66,> 95,ANDINA
897,898,10705,TOLIMA,ICONONZO,97.4,> 95,ANDINA
898,899,17013,TOLIMA,LÉRIDA,99.3,> 95,ANDINA
899,900,39866,TOLIMA,LÍBANO,99.08,> 95,ANDINA
900,901,33358,TOLIMA,MARIQUITA,98.53,> 95,ANDINA
901,902,36930,TOLIMA,MELGAR,98.66,> 95,ANDINA
902,903,5001,TOLIMA,MURILLO,84.2,70.1 - 90,ANDINA
903,904,22390,TOLIMA,NATAGAIMA,94.31,90.1 - 95,ANDINA
904,905,32256,TOLIMA,ORTEGA,86.81,70.1 - 90,ANDINA
905,906,9090,TOLIMA,PALOCABILDO,91.36,90.1 - 95,ANDINA
906,907,5683,TOLIMA,PIEDRAS,93.26,90.1 - 95,ANDINA
907,908,30066,TOLIMA,PLANADAS,94.91,90.1 - 95,ANDINA
908,909,238173,ANTIOQUIA,ENVIGADO,100.0,> 95,ANDINA
909,910,276936,ANTIOQUIA,ITAGÜÍ,100.0,> 95,ANDINA
910,911,32486,CHOCÓ,MEDIO ATRATO,40.35,<= 70,PACIFICO
911,912,17026,VICHADA,LA PRIMAVERA,54.49,<= 70,ORINOQUIA
912,913,13516,ANTIOQUIA,JARDÍN,99.04,> 95,ANDINA
913,914,7958,CHOCÓ,NÓVITA,56.29,<= 70,PACIFICO
914,915,17456,CHOCÓ,MEDIO SAN JUAN,59.48,<= 70,PACIFICO
915,916,4740,CHOCÓ,SAN JOSÉ DEL PALMAR,98.05,> 95,PACIFICO
916,917,15165,CHOCÓ,CONDOTO,97.17,> 95,PACIFICO
917,918,41977,CASANARE,AGUAZUL,80.08,70.1 - 90,ORINOQUIA
918,919,94782,NORTE DE SANTANDER,VILLA DEL ROSARIO,99.55,> 95,ANDINA
919,920,14150,CHOCÓ,MEDIO BAUDÓ,95.36,> 95,PACIFICO
920,921,10065,CHOCÓ,UNIÓN PANAMERICANA,83.99,70.1 - 90,PACIFICO
921,922,19112,CHOCÓ,TADÓ,94.26,90.1 - 95,PACIFICO
922,923,10196,CHOCÓ,CERTEGUI,45.68,<= 70,PACIFICO
923,924,8586,CHOCÓ,EL CANTÓN DEL SAN PABLO,70.7,70.1 - 90,PACIFICO
924,925,39549,VICHADA,CUMARIBO,37.38,<= 70,ORINOQUIA
925,926,63822,CALDAS,RIOSUCIO,98.95,> 95,ANDINA
926,927,17733,CHOCÓ,BAJO BAUDÓ,91.64,90.1 - 95,PACIFICO
927,928,16595,RISARALDA,MISTRATÓ,86.66,70.1 - 90,ANDINA
928,929,8866,CHOCÓ,NUQUÍ,100.0,> 95,PACIFICO
929,930,14770,CHOCÓ,EL CARMEN,49.62,<= 70,PACIFICO
930,931,39684,CHOCÓ,ALTO BAUDÓ,38.68,<= 70,PACIFICO
931,932,54615,ANTIOQUIA,LA CEJA,99.76,> 95,ANDINA
932,933,80538,ANTIOQUIA,CALDAS,100.0,> 95,ANDINA
933,934,16504,VICHADA,PUERTO CARREÑO,90.36,90.1 - 95,ORINOQUIA
934,935,116199,CHOCÓ,QUIBDÓ,100.0,> 95,PACIFICO
935,936,12890,ANTIOQUIA,SAN JERÓNIMO,96.12,> 95,ANDINA
936,937,52399,ANTIOQUIA,BARBOSA,100.0,> 95,ANDINA
937,938,10049,ANTIOQUIA,SANTO DOMINGO,97.78,> 95,ANDINA
938,939,46508,ANTIOQUIA,URRAO,92.21,90.1 - 95,ANDINA
939,940,3825,ARAUCA,PUERTO RONDÓN,89.77,70.1 - 90,ORINOQUIA
940,941,25067,ANTIOQUIA,SANTA FE DE ANTIOQUIA,92.43,90.1 - 95,ANDINA
941,942,6930,ANTIOQUIA,BELMIRA,95.3,> 95,ANDINA
942,943,9572,ANTIOQUIA,LIBORINA,95.46,> 95,ANDINA
943,944,9400,CHOCÓ,BAHÍA SOLANO,90.48,90.1 - 95,PACIFICO
944,945,5610,ANTIOQUIA,VIGÍA DEL FUERTE,100.0,> 95,ANDINA
945,946,13266,ANTIOQUIA,GÓMEZ PLATA,98.27,> 95,ANDINA
946,947,10113,CHOCÓ,BOJAYÁ,44.57,<= 70,PACIFICO
947,948,36991,ANTIOQUIA,SANTA ROSA DE OSOS,96.24,> 95,ANDINA
948,949,6318,ANTIOQUIA,GUADALUPE,99.1,> 95,ANDINA
949,950,16737,ANTIOQUIA,CAÑASGORDAS,96.74,> 95,ANDINA
950,951,4891,ANTIOQUIA,MURINDÓ,47.16,<= 70,ANDINA
951,952,42580,ARAUCA,ARAUQUITA,89.68,70.1 - 90,ORINOQUIA
952,953,48318,ARAUCA,SARAVENA,95.57,> 95,ORINOQUIA
953,954,6651,ANTIOQUIA,TOLEDO,95.26,> 95,ANDINA
954,955,92107,ARAUCA,ARAUCA,96.99,> 95,ORINOQUIA
955,956,23068,ANTIOQUIA,DABEIBA,79.24,70.1 - 90,ANDINA
956,957,195426,SANTANDER,GIRÓN,98.56,> 95,ANDINA
957,958,528683,SANTANDER,BUCARAMANGA,99.94,> 95,ANDINA
958,959,22567,ANTIOQUIA,AMALFI,86.95,70.1 - 90,ANDINA
959,960,19757,ANTIOQUIA,YONDÓ,69.04,<= 70,ANDINA
960,961,5548,CHOCÓ,CARMEN DEL DARIÉN,19.74,<= 70,PACIFICO
961,962,5898,NORTE DE SANTANDER,LABATECA,96.77,> 95,ANDINA
962,963,58592,NORTE DE SANTANDER,PAMPLONA,99.81,> 95,ANDINA
963,964,17287,NORTE DE SANTANDER,TOLEDO,99.56,> 95,ANDINA
964,965,3239,CHOCÓ,JURADÓ,93.79,90.1 - 95,PACIFICO
965,966,22028,ANTIOQUIA,MUTATÁ,87.24,70.1 - 90,ANDINA
966,967,7103,NORTE DE SANTANDER,BOCHALEMA,97.15,> 95,ANDINA
967,968,3679,NORTE DE SANTANDER,DURANIA,97.6,> 95,ANDINA
968,969,11091,NORTE DE SANTANDER,CÁCHIRA,89.19,70.1 - 90,ANDINA
969,970,79349,NORTE DE SANTANDER,LOS PATIOS,99.16,> 95,ANDINA
970,971,60141,ANTIOQUIA,CAREPA,95.87,> 95,ANDINA
971,972,28986,CHOCÓ,RIOSUCIO,39.83,<= 70,PACIFICO
972,973,5370,NORTE DE SANTANDER,GRAMALOTE,100.0,> 95,ANDINA
973,974,52371,CÓRDOBA,PUERTO LIBERTADOR,89.7,70.1 - 90,CARIBE
974,975,195068,ANTIOQUIA,APARTADÓ,98.81,> 95,ANDINA
975,976,120479,ANTIOQUIA,CAUCASIA,97.89,> 95,ANDINA
976,977,4573,NORTE DE SANTANDER,BUCARASICA,84.11,70.1 - 90,ANDINA
977,978,23663,NORTE DE SANTANDER,EL ZULIA,99.03,> 95,ANDINA
978,979,107302,CÓRDOBA,TIERRALTA,23.58,<= 70,CARIBE
979,980,15263,CHOCÓ,UNGUÍA,70.92,70.1 - 90,PACIFICO
980,981,100461,NORTE DE SANTANDER,OCAÑA,97.88,> 95,ANDINA
981,982,172314,ANTIOQUIA,TURBO,91.1,90.1 - 95,ANDINA
982,983,9335,CHOCÓ,ACANDÍ,98.81,> 95,PACIFICO
983,984,67359,ANTIOQUIA,NECOCLÍ,95.14,> 95,ANDINA
984,985,43416,ANTIOQUIA,ARBOLETES,99.14,> 95,ANDINA
985,986,1036412,BOLÍVAR,CARTAGENA DE INDIAS,100.0,> 95,CARIBE
986,987,23985,CESAR,PUEBLO BELLO,51.99,<= 70,CARIBE
987,988,483250,CESAR,VALLEDUPAR,99.03,> 95,CARIBE
988,989,40879,MAGDALENA,ARACATACA,88.16,70.1 - 90,CARIBE
989,990,4197,VICHADA,SANTA ROSALÍA,79.32,70.1 - 90,ORINOQUIA
990,991,668966,NORTE DE SANTANDER,CÚCUTA,99.06,> 95,ANDINA
991,992,204737,RISARALDA,DOSQUEBRADAS,99.87,> 95,ANDINA
992,993,16526,BOYACÁ,NOBSA,98.15,> 95,ANDINA
993,994,14470,BOYACÁ,TIBASOSA,100.0,> 95,ANDINA
994,995,85354,VALLE DEL CAUCA,CANDELARIA,99.15,> 95,PACIFICO
995,996,134309,VALLE DEL CAUCA,CARTAGO,100.0,> 95,PACIFICO
996,997,12794,CASANARE,HATO COROZAL,69.52,<= 70,ORINOQUIA
997,998,14037,BOLÍVAR,SAN FERNANDO,78.89,70.1 - 90,CARIBE
998,999,24515,CASANARE,VILLANUEVA,80.0,70.1 - 90,ORINOQUIA
999,1000,5651,PUTUMAYO,COLÓN,99.09,> 95,AMAZONIA
1000,1001,14729,PUTUMAYO,PUERTO CAICEDO,47.65,<= 70,AMAZONIA
1001,1002,14396,PUTUMAYO,SIBUNDOY,99.7,> 95,AMAZONIA
1002,1003,10776,PUTUMAYO,SANTIAGO,99.55,> 95,AMAZONIA
1003,1004,53649,PUTUMAYO,VALLE DEL GUAMUEZ,67.62,<= 70,AMAZONIA
1004,1005,73221,"ARCHIPIÉLAGO DE SAN ANDRÉS, PROVIDENCIA Y SANTA CATALINA",SAN ANDRÉS,100.0,> 95,ANDINA
1005,1006,8519,AMAZONAS,PUERTO NARIÑO,74.13,70.1 - 90,AMAZONIA
1006,1007,42280,AMAZONAS,LETICIA,70.22,70.1 - 90,AMAZONIA
1007,1008,4314,AMAZONAS,TARAPACÁ,29.99,<= 70,AMAZONIA
1008,1009,4972,AMAZONAS,EL ENCANTO,13.79,<= 70,AMAZONIA
1009,1010,1320,AMAZONAS,PUERTO ARICA,41.86,<= 70,AMAZONIA
1010,1011,2196,AMAZONAS,PUERTO ALEGRÍA,11.35,<= 70,AMAZONIA
1011,1012,5417,AMAZONAS,LA PEDRERA,21.79,<= 70,AMAZONIA
1012,1013,4044,AMAZONAS,LA CHORRERA,99.86,> 95,AMAZONIA
1013,1014,3113,AMAZONAS,SANTANDER,12.55,<= 70,AMAZONIA
1014,1015,952,VAUPES,TARAIRA,95.66,> 95,AMAZONIA
1015,1016,1515,AMAZONAS,MIRITÍ-PARANÁ,17.15,<= 70,AMAZONIA
1016,1017,1140,AMAZONAS,LA VICTORIA,21.95,<= 70,AMAZONIA
1017,1018,28329,PUTUMAYO,SAN MIGUEL,26.71,<= 70,AMAZONIA
1018,1019,62232,PUTUMAYO,PUERTO ASÍS,64.38,<= 70,AMAZONIA
1019,1020,15380,PUTUMAYO,PUERTO LEGUÍZAMO,82.81,70.1 - 90,AMAZONIA
1020,1021,11830,NARIÑO,POTOSÍ,98.96,> 95,PACIFICO
1021,1022,6121,VAUPES,PACOA,10.99,<= 70,AMAZONIA
1022,1023,148297,NARIÑO,IPIALES,97.05,> 95,PACIFICO
1023,1024,56365,PUTUMAYO,ORITO,36.79,<= 70,AMAZONIA
1024,1025,5855,NARIÑO,ALDANA,95.24,> 95,PACIFICO
1025,1026,9139,CAQUETÁ,SOLITA,97.89,> 95,AMAZONIA
1026,1027,15269,NARIÑO,GUACHUCAL,100.0,> 95,PACIFICO
1027,1028,8834,NARIÑO,OSPINA,100.0,> 95,PACIFICO
1028,1029,24169,PUTUMAYO,PUERTO GUZMÁN,26.89,<= 70,AMAZONIA
1029,1030,21399,PUTUMAYO,VILLAGARZÓN,64.89,<= 70,AMAZONIA
1030,1031,1226,VAUPES,YAVARATÉ,99.53,> 95,AMAZONIA
1031,1032,11829,CAQUETÁ,CURILLO,96.3,> 95,AMAZONIA
1032,1033,25074,CAQUETÁ,SOLANO,36.63,<= 70,AMAZONIA
1033,1034,7190,PUTUMAYO,SAN FRANCISCO,97.86,> 95,AMAZONIA
1034,1035,455863,NARIÑO,PASTO,99.98,> 95,PACIFICO
1035,1036,25746,NARIÑO,SANDONÁ,100.0,> 95,PACIFICO
1036,1037,7332,NARIÑO,MALLAMA,100.0,> 95,PACIFICO
1037,1038,9297,NARIÑO,LA FLORIDA,100.0,> 95,PACIFICO
1038,1039,44631,PUTUMAYO,MOCOA,88.27,70.1 - 90,AMAZONIA
1039,1040,22999,NARIÑO,ALBÁN,88.18,70.1 - 90,PACIFICO
1040,1041,11720,NARIÑO,EL TAMBO,99.73,> 95,PACIFICO
1041,1042,34953,CAQUETÁ,CARTAGENA DEL CHAIRÁ,73.77,70.1 - 90,AMAZONIA
1042,1043,49270,NARIÑO,SAMANIEGO,96.88,> 95,PACIFICO
1043,1044,410,GUAINIA,LA GUADALUPE,98.53,> 95,AMAZONAS
1044,1045,17217,NARIÑO,SAN PABLO,99.64,> 95,PACIFICO
1045,1046,3340,VAUPES,CARURÚ,55.5,<= 70,AMAZONIA
1046,1047,32457,VAUPES,MITÚ,69.43,<= 70,AMAZONIA
1047,1048,40429,NARIÑO,BARBACOAS,77.27,70.1 - 90,PACIFICO
1048,1049,17783,NARIÑO,POLICARPA,96.75,> 95,PACIFICO
1049,1050,15451,GUAVIARE,MIRAFLORES,94.85,90.1 - 95,AMAZONIA
1050,1051,212692,NARIÑO,JURISDICCIÓN DE TUMACO,95.81,> 95,PACIFICO
1051,1052,126193,ANTIOQUIA,RIONEGRO,99.4,> 95,ANDINA
1052,1053,15557,CESAR,MANAURE BALCÓN DEL CESAR,57.38,<= 70,CARIBE
1053,1054,20312,GUAINIA,INIRIDA,99.36,> 95,AMAZONAS
1054,1055,10218,CHOCÓ,RÍO IRÓ,74.56,70.1 - 90,PACIFICO
1055,1056,24155,GUAVIARE,EL RETORNO,34.58,<= 70,AMAZONIA
1056,1057,3467,GUAINIA,PANÁ PANÁ,5.57,<= 70,AMAZONAS
1057,1058,2306,GUAINIA,SAN FELIPE,100.0,> 95,AMAZONAS
1058,1059,11461,CHOCÓ,LLORÓ,69.09,<= 70,PACIFICO
1059,1060,832,VAUPES,PAPUNAUA,97.35,> 95,AMAZONIA
1060,1061,10860,NORTE DE SANTANDER,HACARÍ,61.08,<= 70,ANDINA
1061,1062,22596,NORTE DE SANTANDER,SARDINATA,81.68,70.1 - 90,ANDINA
1062,1063,6330,RISARALDA,BALBOA,98.1,> 95,ANDINA
1063,1064,149423,CASANARE,YOPAL,86.57,70.1 - 90,ORINOQUIA
1064,1065,15838,CASANARE,TRINIDAD,92.04,90.1 - 95,ORINOQUIA
1065,1066,199137,BOYACÁ,TUNJA,100.0,> 95,ANDINA
1066,1067,24610,NARIÑO,MAGÜÍ,97.85,> 95,PACIFICO
1067,1068,14463,NARIÑO,LEIVA,68.7,<= 70,PACIFICO
1068,1069,8456,GUAVIARE,CALAMAR,60.75,<= 70,AMAZONIA
1069,1070,24695,NARIÑO,ROBERTO PAYÁN,99.08,> 95,PACIFICO
1070,1071,16461,NARIÑO,FRANCISCO PIZARRO,54.99,<= 70,PACIFICO
1071,1072,35766,META,LA MACARENA,81.84,70.1 - 90,ORINOQUIA
1072,1073,17783,NARIÑO,MOSQUERA,96.6,> 95,PACIFICO
1073,1074,32379,NARIÑO,OLAYA HERRERA,89.05,70.1 - 90,PACIFICO
1074,1075,14559,NARIÑO,SANTA BÁRBARA,100.0,> 95,PACIFICO
1075,1076,14230,NARIÑO,LA TOLA,100.0,> 95,PACIFICO
1076,1077,7017,HUILA,HOBO,99.3,> 95,ANDINA
1077,1078,41042,NARIÑO,EL CHARCO,100.0,> 95,PACIFICO
1078,1079,29931,CAUCA,GUAPI,100.0,> 95,PACIFICO
1079,1080,1365,GUAINIA,MORICHAL,22.32,<= 70,AMAZONAS
1080,1081,67767,GUAVIARE,SAN JOSÉ DEL GUAVIARE,80.05,70.1 - 90,AMAZONIA
1081,1082,21969,CAUCA,TIMBIQUÍ,98.52,> 95,PACIFICO
1082,1083,71704,CAQUETÁ,SAN VICENTE DEL CAGUÁN,92.27,90.1 - 95,AMAZONIA
1083,1084,22559,META,PUERTO CONCORDIA,26.27,<= 70,ORINOQUIA
1084,1085,18870,META,PUERTO RICO,33.19,<= 70,ORINOQUIA
1085,1086,5031,GUAINIA,PUERTO COLOMBIA,40.54,<= 70,AMAZONAS
1086,1087,26790,META,VISTAHERMOSA,100.0,> 95,ORINOQUIA
1087,1088,20721,CAUCA,LÓPEZ,88.87,70.1 - 90,PACIFICO
1088,1089,2759,GUAINIA,MAPIRIPANA,100.0,> 95,AMAZONAS
1089,1090,18532,META,MAPIRIPÁN,34.24,<= 70,ORINOQUIA
1090,1091,9491,META,PUERTO LLERAS,59.35,<= 70,ORINOQUIA
1091,1092,4984,GUAINIA,BARRANCO MINA,54.88,<= 70,AMAZONAS
1092,1093,2812,GUAINIA,CACAHUAL,78.26,70.1 - 90,AMAZONAS
1093,1094,36777,VALLE DEL CAUCA,DAGUA,96.65,> 95,PACIFICO
1094,1095,423927,VALLE DEL CAUCA,BUENAVENTURA,99.64,> 95,PACIFICO
1095,1096,516802,META,VILLAVICENCIO,99.82,> 95,ORINOQUIA
1096,1097,16405,CHOCÓ,EL LITORAL DEL SAN JUAN,77.55,70.1 - 90,PACIFICO
1097,1098,569346,TOLIMA,IBAGUÉ,99.7,> 95,ANDINA
1098,1099,4219,CHOCÓ,SIPÍ,100.0,> 95,PACIFICO
1099,1100,8181047,SATA FE DE BOGOTÁ D.C.,"BOGOTÁ, D.C.",99.99,> 95,ANDINA
1100,1101,507324,MAGDALENA,SANTA MARTA,99.69,> 95,CARIBE
1101,1102,287009,LA GUAJIRA,RIOHACHA,95.22,> 95,CARIBE
1102,1103,192721,LA GUAJIRA,URIBIA,12.8,<= 70,CARIBE
1103,1104,5192,"ARCHIPIÉLAGO DE SAN ANDRÉS, PROVIDENCIA Y SANTA CATALINA",PROVIDENCIA Y SANTA CATALINA,100.0,> 95,ANDINA
1104,1105,15406,CASANARE,MONTERREY,93.86,90.1 - 95,ORINOQUIA
1105,1106,18903,META,PUERTO GAITÁN,100.0,> 95,ORINOQUIA
1106,1107,13261,CESAR,BECERRIL,94.82,90.1 - 95,CARIBE
1107,1108,25833,CHOCÓ,ISTMINA,98.19,> 95,PACIFICO
1108,1109,286716,SUCRE,SINCELEJO,100.0,> 95,ANDINA
1109,1110,2529403,ANTIOQUIA,MEDELLÍN,100.0,> 95,ANDINA
1110,1111,12489,ANTIOQUIA,EBÉJICO,98.97,> 95,ANDINA
1111,1112,72739,ANTIOQUIA,COPACABANA,100.0,> 95,ANDINA
1112,1113,482255,ANTIOQUIA,BELLO,100.0,> 95,ANDINA
1113,1114,58017,ANTIOQUIA,GIRARDOTA,100.0,> 95,ANDINA
1114,1115,7937,CHOCÓ,BAGADÓ,52.66,<= 70,PACIFICO
1115,1116,9292,CHOCÓ,RÍO QUITO,95.21,> 95,PACIFICO
1116,1117,10751,CHOCÓ,ATRATO,55.57,<= 70,PACIFICO
1117,1118,22372,CESAR,LA JAGUA DE IBIRICO,98.26,> 95,CARIBE
1118,1119,7914,CASANARE,PORE,75.98,70.1 - 90,ORINOQUIA
1119,1120,53913,ANTIOQUIA,SABANETA,100.0,> 95,ANDINA
1120,1121,65303,ANTIOQUIA,LA ESTRELLA,100.0,> 95,ANDINA
